V_rad_short,V_rad_tot,V_housing,V_diode,V_spike,time_index,condition
1530,1535,762,4095,4095,0,50C
1541,1531,764,4095,4095,1,50C
1543,1542,763,4095,4095,2,50C
1540,1536,763,4095,4095,3,50C
1534,1536,765,4095,4095,4,50C
1547,1538,764,4095,4095,5,50C
1543,1539,764,4095,4095,6,50C
1542,1543,766,4095,4095,7,50C
1543,1537,764,4095,4095,8,50C
1537,1539,764,4095,4095,9,50C
1543,1540,766,4095,4095,10,50C
1538,1539,765,4095,4095,11,50C
1539,1547,766,4095,4095,12,50C
1540,1547,766,4095,4095,13,50C
1542,1544,765,4095,4095,14,50C
1538,1546,766,4095,4095,15,50C
1544,1543,766,4095,4095,16,50C
1543,1548,765,4095,4095,17,50C
1546,1547,767,4095,4095,18,50C
1545,1551,767,4095,4095,19,50C
1553,1551,766,4095,4095,20,50C
1548,1547,768,4095,4095,21,50C
1549,1554,767,4095,4095,22,50C
1550,1545,768,4095,4095,23,50C
1548,1552,768,4095,4095,24,50C
1542,1550,767,4095,4095,25,50C
1560,1553,768,4095,4095,26,50C
1549,1546,768,4095,4095,27,50C
1548,1555,767,4095,4095,28,50C
1546,1555,770,4095,4095,29,50C
1555,1549,769,4095,4095,30,50C
1552,1555,768,4095,4095,31,50C
1558,1553,771,4095,4095,32,50C
1557,1550,769,4095,4095,33,50C
1558,1552,769,4095,4095,34,50C
1554,1553,771,4095,4095,35,50C
1562,1555,769,4095,4095,36,50C
1557,1551,770,4095,4095,37,50C
1557,1562,771,4095,4095,38,50C
1557,1563,770,4095,4095,39,50C
1556,1559,770,4095,4095,40,50C
1559,1558,771,4095,4095,41,50C
1560,1567,771,4095,4095,42,50C
1561,1564,771,4095,4095,43,50C
1565,1560,772,4095,4095,44,50C
1563,1568,771,4095,4095,45,50C
1564,1564,773,4095,4095,46,50C
1561,1560,773,4095,4095,47,50C
1570,1562,772,4095,4095,48,50C
1567,1565,773,4095,4095,49,50C
1562,1566,773,4095,4095,50,50C
1564,1564,773,4095,4095,51,50C
1565,1565,775,4095,4095,52,50C
1575,1568,773,4095,4095,53,50C
1573,1569,773,4095,4095,54,50C
1567,1569,775,4095,4095,55,50C
1569,1581,774,4095,4095,56,50C
1569,1571,775,4095,4095,57,50C
1572,1567,776,4095,4095,58,50C
1570,1574,774,4095,4095,59,50C
1573,1572,775,4095,4095,60,50C
1571,1571,775,4095,4095,61,50C
1577,1574,774,4095,4095,62,50C
1571,1574,777,4095,4095,63,50C
1576,1571,776,4095,4095,64,50C
1572,1575,775,4095,4095,65,50C
1575,1567,777,4095,4095,66,50C
1580,1578,776,4095,4095,67,50C
1581,1575,777,4095,4095,68,50C
1577,1573,778,4095,4095,69,50C
1582,1587,777,4095,4095,70,50C
1578,1576,778,4095,4095,71,50C
1579,1580,779,4095,4095,72,50C
1582,1569,777,4095,4095,73,50C
1586,1574,779,4095,4095,74,50C
1584,1588,780,4095,4095,75,50C
1585,1583,778,4095,4095,76,50C
1581,1585,780,4095,4095,77,50C
1584,1583,780,4095,4095,78,50C
1589,1586,778,4095,4095,79,50C
1589,1586,781,4095,4095,80,50C
1585,1588,780,4095,4095,81,50C
1591,1588,779,4095,4095,82,50C
1591,1590,781,4095,4095,83,50C
1584,1586,780,4095,4095,84,50C
1592,1589,781,4095,4095,85,50C
1592,1590,782,4095,4095,86,50C
1594,1590,781,4095,4095,87,50C
1589,1597,781,4095,4095,88,50C
1590,1593,783,4095,4095,89,50C
1597,1596,781,4095,4095,90,50C
1590,1592,783,4095,4095,91,50C
1601,1589,783,4095,4095,92,50C
1597,1596,782,4095,4095,93,50C
1602,1597,784,4095,4095,94,50C
1597,1598,784,4095,4095,95,50C
1605,1601,784,4095,4095,96,50C
1601,1601,785,4095,4095,97,50C
1601,1597,784,4095,4095,98,50C
1605,1604,785,4095,4095,99,50C
1599,1605,786,4095,4095,100,50C
1602,1599,784,4095,4095,101,50C
1601,1610,785,4095,4095,102,50C
1605,1607,787,4095,4095,103,50C
1610,1603,786,4095,4095,104,50C
1600,1609,787,4095,4095,105,50C
1605,1609,786,4095,4095,106,50C
1605,1610,786,4095,4095,107,50C
1604,1602,788,4095,4095,108,50C
1612,1605,787,4095,4095,109,50C
1612,1608,787,4095,4095,110,50C
1608,1606,788,4095,4095,111,50C
1611,1609,788,4095,4095,112,50C
1602,1609,788,4095,4095,113,50C
1614,1609,790,4095,4095,114,50C
1612,1616,788,4095,4095,115,50C
1616,1619,788,4095,4095,116,50C
1613,1618,790,4095,4095,117,50C
1620,1609,789,4095,4095,118,50C
1615,1615,791,4095,4095,119,50C
1616,1617,791,4095,4095,120,50C
1620,1616,790,4095,4095,121,50C
1620,1618,792,4095,4095,122,50C
1615,1617,791,4095,4095,123,50C
1621,1619,791,4095,4095,124,50C
1615,1627,792,4095,4095,125,50C
1620,1627,792,4095,4095,126,50C
1620,1622,792,4095,4095,127,50C
1630,1628,794,4095,4095,128,50C
1623,1625,793,4095,4095,129,50C
1625,1625,793,4095,4095,130,50C
1626,1624,795,4095,4095,131,50C
1626,1629,793,4095,4095,132,50C
1627,1626,794,4095,4095,133,50C
1630,1629,796,4095,4095,134,50C
1630,1633,794,4095,4095,135,50C
1635,1628,795,4095,4095,136,50C
1631,1628,795,4095,4095,137,50C
1630,1632,794,4095,4095,138,50C
1639,1633,796,4095,4095,139,50C
1638,1630,795,4095,4095,140,50C
1634,1636,795,4095,4095,141,50C
1632,1631,798,4095,4095,142,50C
1638,1636,796,4095,4095,143,50C
1636,1638,796,4095,4095,144,50C
1635,1638,798,4095,4095,145,50C
1636,1631,797,4095,4095,146,50C
1636,1633,798,4095,4095,147,50C
1643,1631,799,4095,4095,148,50C
1639,1636,797,4095,4095,149,50C
1642,1635,800,4095,4095,150,50C
1639,1646,799,4095,4095,151,50C
1642,1644,798,4095,4095,152,50C
1639,1642,800,4095,4095,153,50C
1643,1645,800,4095,4095,154,50C
1649,1643,800,4095,4095,155,50C
1645,1645,802,4095,4095,156,50C
1645,1646,800,4095,4095,157,50C
1649,1648,800,4095,4095,158,50C
1645,1654,802,4095,4095,159,50C
1650,1653,801,4095,4095,160,50C
1656,1644,801,4095,4095,161,50C
1654,1648,802,4095,4095,162,50C
1651,1648,801,4095,4095,163,50C
1654,1651,802,4095,4095,164,50C
1651,1650,803,4095,4095,165,50C
1656,1657,802,4095,4095,166,50C
1655,1654,803,4095,4095,167,50C
1654,1654,804,4095,4095,168,50C
1655,1658,803,4095,4095,169,50C
1660,1651,805,4095,4095,170,50C
1659,1657,804,4095,4095,171,50C
1657,1650,804,4095,4095,172,50C
1661,1662,806,4095,4095,173,50C
1662,1657,805,4095,4095,174,50C
1655,1656,806,4095,4095,175,50C
1666,1656,807,4095,4095,176,50C
1660,1663,806,4095,4095,177,50C
1661,1668,806,4095,4095,178,50C
1665,1661,806,4095,4095,179,50C
1670,1664,806,4095,4095,180,50C
1666,1666,808,4095,4095,181,50C
1669,1665,808,4095,4095,182,50C
1664,1671,806,4095,4095,183,50C
1660,1663,810,4095,4095,184,50C
1667,1668,808,4095,4095,185,50C
1666,1673,808,4095,4095,186,50C
1667,1672,810,4095,4095,187,50C
1672,1668,809,4095,4095,188,50C
1670,1671,809,4095,4095,189,50C
1676,1674,811,4095,4095,190,50C
1673,1672,809,4095,4095,191,50C
1674,1678,810,4095,4095,192,50C
1673,1676,812,4095,4095,193,50C
1679,1679,810,4095,4095,194,50C
1675,1675,812,4095,4095,195,50C
1673,1679,813,4095,4095,196,50C
1676,1682,811,4095,4095,197,50C
1682,1677,812,4095,4095,198,50C
1669,1674,813,4095,4095,199,50C
1677,1675,811,4095,4095,200,50C
1679,1677,814,4095,4095,201,50C
1676,1676,813,4095,4095,202,50C
1682,1677,813,4095,4095,203,50C
1679,1682,815,4095,4095,204,50C
1681,1692,813,4095,4095,205,50C
1679,1687,815,4095,4095,206,50C
1677,1681,816,4095,4095,207,50C
1680,1689,814,4095,4095,208,50C
1681,1694,815,4095,4095,209,50C
1685,1684,816,4095,4095,210,50C
1689,1687,814,4095,4095,211,50C
1687,1687,816,4095,4095,212,50C
1684,1688,817,4095,4095,213,50C
1684,1693,815,4095,4095,214,50C
1682,1691,818,4095,4095,215,50C
1689,1688,817,4095,4095,216,50C
1692,1692,817,4095,4095,217,50C
1691,1689,819,4095,4095,218,50C
1695,1693,818,4095,4095,219,50C
1692,1694,818,4095,4095,220,50C
1689,1693,820,4095,4095,221,50C
1692,1697,818,4095,4095,222,50C
1694,1692,819,4095,4095,223,50C
1697,1699,821,4095,4095,224,50C
1702,1699,819,4095,4095,225,50C
1698,1697,822,4095,4095,226,50C
1705,1704,821,4095,4095,227,50C
1703,1695,819,4095,4095,228,50C
1707,1703,822,4095,4095,229,50C
1698,1696,822,4095,4095,230,50C
1711,1699,821,4095,4095,231,50C
1703,1708,823,4095,4095,232,50C
1698,1711,822,4095,4095,233,50C
1705,1706,823,4095,4095,234,50C
1707,1711,824,4095,4095,235,50C
1705,1711,823,4095,4095,236,50C
1711,1709,823,4095,4095,237,50C
1710,1708,824,4095,4095,238,50C
1711,1705,823,4095,4095,239,50C
1712,1708,824,4095,4095,240,50C
1720,1713,826,4095,4095,241,50C
1711,1716,823,4095,4095,242,50C
1714,1712,827,4095,4095,243,50C
1718,1710,825,4095,4095,244,50C
1715,1717,824,4095,4095,245,50C
1713,1716,827,4095,4095,246,50C
1715,1718,826,4095,4095,247,50C
1720,1722,826,4095,4095,248,50C
1713,1717,829,4095,4095,249,50C
1722,1715,827,4095,4095,250,50C
1712,1721,828,4095,4095,251,50C
1732,1719,829,4095,4095,252,50C
1721,1719,827,4095,4095,253,50C
1722,1724,829,4095,4095,254,50C
1721,1722,830,4095,4095,255,50C
1723,1722,828,4095,4095,256,50C
1723,1728,830,4095,4095,257,50C
1733,1726,830,4095,4095,258,50C
1729,1728,829,4095,4095,259,50C
1730,1728,830,4095,4095,260,50C
1731,1725,831,4095,4095,261,50C
1733,1729,830,4095,4095,262,50C
1727,1731,833,4095,4095,263,50C
1734,1730,831,4095,4095,264,50C
1727,1730,832,4095,4095,265,50C
1729,1733,832,4095,4095,266,50C
1732,1727,832,4095,4095,267,50C
1731,1727,832,4095,4095,268,50C
1736,1732,834,4095,4095,269,50C
1732,1730,832,4095,4095,270,50C
1739,1737,835,4095,4095,271,50C
1737,1740,834,4095,4095,272,50C
1735,1732,833,4095,4095,273,50C
1736,1741,836,4095,4095,274,50C
1735,1735,835,4095,4095,275,50C
1736,1738,835,4095,4095,276,50C
1734,1738,837,4095,4095,277,50C
1731,1741,835,4095,4095,278,50C
1744,1735,836,4095,4095,279,50C
1739,1738,837,4095,4095,280,50C
1744,1738,836,4095,4095,281,50C
1743,1736,836,4095,4095,282,50C
1741,1739,838,4095,4095,283,50C
1745,1741,836,4095,4095,284,50C
1748,1744,839,4095,4095,285,50C
1749,1742,839,4095,4095,286,50C
1750,1738,838,4095,4095,287,50C
1748,1752,841,4095,4095,288,50C
1746,1749,840,4095,4095,289,50C
1749,1747,838,4095,4095,290,50C
1749,1750,840,4095,4095,291,50C
1755,1750,840,4095,4095,292,50C
1753,1746,839,4095,4095,293,50C
1753,1755,842,4095,4095,294,50C
1751,1744,840,4095,4095,295,50C
1753,1751,842,4095,4095,296,50C
1751,1753,843,4095,4095,297,50C
1751,1752,841,4095,4095,298,50C
1752,1756,843,4095,4095,299,50C
1757,1758,843,4095,4095,300,50C
1751,1756,842,4095,4095,301,50C
1753,1757,844,4095,4095,302,50C
1761,1756,844,4095,4095,303,50C
1762,1757,842,4095,4095,304,50C
1761,1754,845,4095,4095,305,50C
1759,1761,844,4095,4095,306,50C
1762,1764,844,4095,4095,307,50C
1761,1755,846,4095,4095,308,50C
1753,1759,845,4095,4095,309,50C
1760,1758,845,4095,4095,310,50C
1765,1761,847,4095,4095,311,50C
1759,1762,845,4095,4095,312,50C
1760,1767,846,4095,4095,313,50C
1762,1766,848,4095,4095,314,50C
1768,1760,846,4095,4095,315,50C
1768,1762,847,4095,4095,316,50C
1769,1768,848,4095,4095,317,50C
1769,1772,847,4095,4095,318,50C
1768,1764,850,4095,4095,319,50C
1772,1767,848,4095,4095,320,50C
1772,1767,849,4095,4095,321,50C
1774,1773,850,4095,4095,322,50C
1768,1766,849,4095,4095,323,50C
1777,1770,849,4095,4095,324,50C
1768,1769,851,4095,4095,325,50C
1774,1774,850,4095,4095,326,50C
1780,1775,851,4095,4095,327,50C
1776,1783,852,4095,4095,328,50C
1776,1778,850,4095,4095,329,50C
1783,1773,852,4095,4095,330,50C
1784,1774,852,4095,4095,331,50C
1780,1782,851,4095,4095,332,50C
1776,1781,854,4095,4095,333,50C
1775,1781,853,4095,4095,334,50C
1781,1781,852,4095,4095,335,50C
1782,1778,854,4095,4095,336,50C
1786,1781,854,4095,4095,337,50C
1779,1783,854,4095,4095,338,50C
1783,1782,856,4095,4095,339,50C
1778,1778,854,4095,4095,340,50C
1779,1787,855,4095,4095,341,50C
1783,1784,857,4095,4095,342,50C
1779,1780,854,4095,4095,343,50C
1785,1783,856,4095,4095,344,50C
1790,1784,857,4095,4095,345,50C
1787,1780,855,4095,4095,346,50C
1786,1786,856,4095,4095,347,50C
1780,1783,857,4095,4095,348,50C
1790,1791,855,4095,4095,349,50C
1794,1794,858,4095,4095,350,50C
1784,1794,858,4095,4095,351,50C
1790,1793,857,4095,4095,352,50C
1795,1788,860,4095,4095,353,50C
1789,1788,858,4095,4095,354,50C
1786,1793,859,4095,4095,355,50C
1789,1788,860,4095,4095,356,50C
1795,1792,859,4095,4095,357,50C
1793,1795,859,4095,4095,358,50C
1789,1801,861,4095,4095,359,50C
1798,1798,859,4095,4095,360,50C
1802,1801,861,4095,4095,361,50C
1798,1801,861,4095,4095,362,50C
1804,1803,860,4095,4095,363,50C
1802,1804,863,4095,4095,364,50C
1807,1796,862,4095,4095,365,50C
1798,1801,861,4095,4095,366,50C
1805,1801,863,4095,4095,367,50C
1803,1802,862,4095,4095,368,50C
1801,1797,862,4095,4095,369,50C
1801,1800,864,4095,4095,370,50C
1805,1805,863,4095,4095,371,50C
1804,1807,863,4095,4095,372,50C
1802,1806,865,4095,4095,373,50C
1806,1806,863,4095,4095,374,50C
1808,1806,864,4095,4095,375,50C
1810,1805,865,4095,4095,376,50C
1807,1812,863,4095,4095,377,50C
1812,1808,866,4095,4095,378,50C
1805,1806,865,4095,4095,379,50C
1811,1808,865,4095,4095,380,50C
1809,1808,868,4095,4095,381,50C
1808,1811,866,4095,4095,382,50C
1805,1812,866,4095,4095,383,50C
1811,1812,869,4095,4095,384,50C
1815,1811,867,4095,4095,385,50C
1809,1814,868,4095,4095,386,50C
1812,1813,868,4095,4095,387,50C
1807,1809,868,4095,4095,388,50C
1810,1811,869,4095,4095,389,50C
1812,1812,870,4095,4095,390,50C
1814,1812,868,4095,4095,391,50C
1819,1817,870,4095,4095,392,50C
1810,1820,870,4095,4095,393,50C
1821,1822,868,4095,4095,394,50C
1821,1821,872,4095,4095,395,50C
1821,1823,871,4095,4095,396,50C
1817,1814,869,4095,4095,397,50C
1818,1824,871,4095,4095,398,50C
1823,1818,871,4095,4095,399,50C
1827,1822,871,4095,4095,400,50C
1822,1826,873,4095,4095,401,50C
1825,1823,871,4095,4095,402,50C
1826,1818,871,4095,4095,403,50C
1826,1825,873,4095,4095,404,50C
1821,1835,872,4095,4095,405,50C
1825,1827,873,4095,4095,406,50C
1830,1825,874,4095,4095,407,50C
1826,1824,872,4095,4095,408,50C
1827,1832,874,4095,4095,409,50C
1828,1827,874,4095,4095,410,50C
1829,1828,873,4095,4095,411,50C
1831,1834,875,4095,4095,412,50C
1826,1826,874,4095,4095,413,50C
1835,1832,874,4095,4095,414,50C
1830,1834,876,4095,4095,415,50C
1834,1824,875,4095,4095,416,50C
1834,1832,876,4095,4095,417,50C
1834,1836,878,4095,4095,418,50C
1833,1833,875,4095,4095,419,50C
1830,1831,877,4095,4095,420,50C
1831,1836,878,4095,4095,421,50C
1838,1836,876,4095,4095,422,50C
1834,1840,878,4095,4095,423,50C
1840,1834,878,4095,4095,424,50C
1840,1839,877,4095,4095,425,50C
1840,1835,879,4095,4095,426,50C
1839,1844,879,4095,4095,427,50C
1837,1832,877,4095,4095,428,50C
1836,1841,880,4095,4095,429,50C
1844,1845,879,4095,4095,430,50C
1839,1847,880,4095,4095,431,50C
1843,1841,881,4095,4095,432,50C
1842,1837,879,4095,4095,433,50C
1834,1841,881,4095,4095,434,50C
1846,1846,881,4095,4095,435,50C
1847,1845,879,4095,4095,436,50C
1847,1850,882,4095,4095,437,50C
1845,1846,883,4095,4095,438,50C
1850,1852,881,4095,4095,439,50C
1848,1850,883,4095,4095,440,50C
1846,1847,883,4095,4095,441,50C
1848,1856,882,4095,4095,442,50C
1848,1846,884,4095,4095,443,50C
1852,1848,882,4095,4095,444,50C
1851,1849,883,4095,4095,445,50C
1852,1854,885,4095,4095,446,50C
1857,1855,883,4095,4095,447,50C
1851,1850,883,4095,4095,448,50C
1852,1850,885,4095,4095,449,50C
1859,1848,883,4095,4095,450,50C
1855,1854,885,4095,4095,451,50C
1850,1860,886,4095,4095,452,50C
1851,1857,884,4095,4095,453,50C
1849,1861,886,4095,4095,454,50C
1853,1855,886,4095,4095,455,50C
1857,1857,885,4095,4095,456,50C
1862,1857,887,4095,4095,457,50C
1855,1854,886,4095,4095,458,50C
1866,1851,886,4095,4095,459,50C
1854,1860,888,4095,4095,460,50C
1852,1859,887,4095,4095,461,50C
1860,1861,887,4095,4095,462,50C
1862,1859,889,4095,4095,463,50C
1862,1858,887,4095,4095,464,50C
1855,1862,889,4095,4095,465,50C
1864,1860,890,4095,4095,466,50C
1860,1862,888,4095,4095,467,50C
1862,1860,889,4095,4095,468,50C
1864,1867,889,4095,4095,469,50C
1861,1866,889,4095,4095,470,50C
1866,1871,892,4095,4095,471,50C
1871,1863,891,4095,4095,472,50C
1871,1862,889,4095,4095,473,50C
1869,1858,893,4095,4095,474,50C
1864,1875,890,4095,4095,475,50C
1866,1868,891,4095,4095,476,50C
1870,1871,893,4095,4095,477,50C
1863,1869,891,4095,4095,478,50C
1869,1871,893,4095,4095,479,50C
1869,1874,894,4095,4095,480,50C
1867,1871,891,4095,4095,481,50C
1868,1877,894,4095,4095,482,50C
1870,1877,894,4095,4095,483,50C
1877,1873,893,4095,4095,484,50C
1870,1876,895,4095,4095,485,50C
1870,1874,895,4095,4095,486,50C
1876,1877,894,4095,4095,487,50C
1871,1871,897,4095,4095,488,50C
1874,1870,895,4095,4095,489,50C
1875,1876,895,4095,4095,490,50C
1877,1878,897,4095,4095,491,50C
1881,1879,895,4095,4095,492,50C
1875,1880,896,4095,4095,493,50C
1875,1882,898,4095,4095,494,50C
1884,1882,895,4095,4095,495,50C
1879,1884,897,4095,4095,496,50C
1878,1877,898,4095,4095,497,50C
1886,1879,896,4095,4095,498,50C
1885,1885,898,4095,4095,499,50C
1880,1882,899,4095,4095,500,50C
1884,1879,897,4095,4095,501,50C
1883,1884,899,4095,4095,502,50C
1883,1887,899,4095,4095,503,50C
1894,1887,899,4095,4095,504,50C
1881,1878,901,4095,4095,505,50C
1881,1874,899,4095,4095,506,50C
1884,1885,899,4095,4095,507,50C
1888,1884,901,4095,4095,508,50C
1886,1885,899,4095,4095,509,50C
1890,1889,901,4095,4095,510,50C
1885,1890,902,4095,4095,511,50C
1888,1886,900,4095,4095,512,50C
1890,1891,901,4095,4095,513,50C
1888,1886,901,4095,4095,514,50C
1883,1891,899,4095,4095,515,50C
1886,1886,901,4095,4095,516,50C
1895,1897,901,4095,4095,517,50C
1884,1892,899,4095,4095,518,50C
1898,1887,903,4095,4095,519,50C
1889,1891,902,4095,4095,520,50C
1894,1891,902,4095,4095,521,50C
1897,1887,904,4095,4095,522,50C
1888,1890,902,4095,4095,523,50C
1895,1892,902,4095,4095,524,50C
1888,1893,905,4095,4095,525,50C
1897,1901,903,4095,4095,526,50C
1892,1893,904,4095,4095,527,50C
1894,1893,904,4095,4095,528,50C
1897,1894,902,4095,4095,529,50C
1896,1896,906,4095,4095,530,50C
1898,1891,905,4095,4095,531,50C
1899,1896,904,4095,4095,532,50C
1901,1895,907,4095,4095,533,50C
1893,1897,906,4095,4095,534,50C
1896,1894,905,4095,4095,535,50C
1899,1901,907,4095,4095,536,50C
1901,1896,905,4095,4095,537,50C
1896,1898,906,4095,4095,538,50C
1901,1900,908,4095,4095,539,50C
1905,1897,906,4095,4095,540,50C
1902,1896,907,4095,4095,541,50C
1892,1900,907,4095,4095,542,50C
1897,1903,906,4095,4095,543,50C
1904,1905,908,4095,4095,544,50C
1909,1897,909,4095,4095,545,50C
1898,1901,907,4095,4095,546,50C
1901,1901,909,4095,4095,547,50C
1911,1904,908,4095,4095,548,50C
1909,1902,908,4095,4095,549,50C
1897,1905,911,4095,4095,550,50C
1905,1904,909,4095,4095,551,50C
1910,1903,910,4095,4095,552,50C
1902,1912,910,4095,4095,553,50C
1904,1903,908,4095,4095,554,50C
1903,1909,909,4095,4095,555,50C
1905,1906,911,4095,4095,556,50C
1908,1905,909,4095,4095,557,50C
1912,1907,911,4095,4095,558,50C
1909,1901,911,4095,4095,559,50C
1903,1907,909,4095,4095,560,50C
1911,1910,913,4095,4095,561,50C
1907,1905,912,4095,4095,562,50C
1913,1912,910,4095,4095,563,50C
1904,1913,914,4095,4095,564,50C
1911,1911,912,4095,4095,565,50C
1909,1916,911,4095,4095,566,50C
1913,1911,913,4095,4095,567,50C
1915,1917,911,4095,4095,568,50C
1911,1913,912,4095,4095,569,50C
1911,1912,914,4095,4095,570,50C
1916,1915,912,4095,4095,571,50C
1911,1914,913,4095,4095,572,50C
1914,1910,914,4095,4095,573,50C
1909,1912,912,4095,4095,574,50C
1908,1911,915,4095,4095,575,50C
1916,1912,915,4095,4095,576,50C
1919,1909,912,4095,4095,577,50C
1914,1912,916,4095,4095,578,50C
1918,1915,914,4095,4095,579,50C
1918,1917,914,4095,4095,580,50C
1912,1913,916,4095,4095,581,50C
1919,1920,914,4095,4095,582,50C
1916,1913,915,4095,4095,583,50C
1919,1921,917,4095,4095,584,50C
1917,1913,915,4095,4095,585,50C
1920,1922,916,4095,4095,586,50C
1922,1916,917,4095,4095,587,50C
1923,1920,914,4095,4095,588,50C
1922,1916,917,4095,4095,589,50C
1923,1921,916,4095,4095,590,50C
1928,1919,915,4095,4095,591,50C
1926,1918,918,4095,4095,592,50C
1925,1917,917,4095,4095,593,50C
1922,1922,916,4095,4095,594,50C
1926,1921,919,4095,4095,595,50C
1924,1920,916,4095,4095,596,50C
1921,1929,917,4095,4095,597,50C
1918,1919,919,4095,4095,598,50C
1921,1921,917,4095,4095,599,50C
1928,1925,919,4095,4095,600,50C
1918,1923,920,4095,4095,601,50C
1927,1927,918,4095,4095,602,50C
1922,1932,919,4095,4095,603,50C
1924,1925,920,4095,4095,604,50C
1922,1920,919,4095,4095,605,50C
1920,1925,921,4095,4095,606,50C
1924,1924,921,4095,4095,607,50C
1924,1924,920,4095,4095,608,50C
1928,1927,922,4095,4095,609,50C
1921,1927,920,4095,4095,610,50C
1926,1926,919,4095,4095,611,50C
1929,1926,922,4095,4095,612,50C
1934,1927,919,4095,4095,613,50C
1931,1927,920,4095,4095,614,50C
1931,1933,922,4095,4095,615,50C
1927,1930,920,4095,4095,616,50C
1928,1929,922,4095,4095,617,50C
1930,1936,923,4095,4095,618,50C
1929,1929,921,4095,4095,619,50C
1929,1923,924,4095,4095,620,50C
1928,1931,922,4095,4095,621,50C
1933,1927,921,4095,4095,622,50C
1931,1929,925,4095,4095,623,50C
1931,1929,922,4095,4095,624,50C
1929,1927,922,4095,4095,625,50C
1930,1931,925,4095,4095,626,50C
1932,1925,923,4095,4095,627,50C
1932,1936,923,4095,4095,628,50C
1926,1934,925,4095,4095,629,50C
1936,1933,923,4095,4095,630,50C
1933,1932,924,4095,4095,631,50C
1934,1936,925,4095,4095,632,50C
1939,1940,923,4095,4095,633,50C
1930,1934,924,4095,4095,634,50C
1933,1931,926,4095,4095,635,50C
1929,1935,923,4095,4095,636,50C
1935,1940,926,4095,4095,637,50C
1932,1936,926,4095,4095,638,50C
1934,1940,924,4095,4095,639,50C
1937,1931,927,4095,4095,640,50C
1938,1938,925,4095,4095,641,50C
1937,1938,925,4095,4095,642,50C
1941,1934,927,4095,4095,643,50C
1940,1938,925,4095,4095,644,50C
1942,1938,925,4095,4095,645,50C
1936,1944,927,4095,4095,646,50C
1939,1937,925,4095,4095,647,50C
1940,1935,927,4095,4095,648,50C
1943,1939,926,4095,4095,649,50C
1937,1940,924,4095,4095,650,50C
1936,1939,927,4095,4095,651,50C
1945,1935,927,4095,4095,652,50C
1939,1939,925,4095,4095,653,50C
1941,1935,928,4095,4095,654,50C
1941,1939,926,4095,4095,655,50C
1948,1938,926,4095,4095,656,50C
1936,1943,929,4095,4095,657,50C
1938,1940,926,4095,4095,658,50C
1937,1940,926,4095,4095,659,50C
1942,1944,929,4095,4095,660,50C
1937,1939,926,4095,4095,661,50C
1940,1937,927,4095,4095,662,50C
1937,1941,929,4095,4095,663,50C
1939,1940,926,4095,4095,664,50C
1938,1937,928,4095,4095,665,50C
1942,1937,929,4095,4095,666,50C
1942,1939,927,4095,4095,667,50C
1940,1938,929,4095,4095,668,50C
1940,1938,928,4095,4095,669,50C
1939,1944,927,4095,4095,670,50C
1942,1939,930,4095,4095,671,50C
1942,1937,928,4095,4095,672,50C
1934,1947,928,4095,4095,673,50C
1941,1938,930,4095,4095,674,50C
1947,1941,928,4095,4095,675,50C
1938,1941,929,4095,4095,676,50C
1939,1938,929,4095,4095,677,50C
1943,1944,927,4095,4095,678,50C
1945,1946,929,4095,4095,679,50C
1944,1941,930,4095,4095,680,50C
1943,1938,928,4095,4095,681,50C
1944,1943,930,4095,4095,682,50C
1939,1946,929,4095,4095,683,50C
2069,2071,802,4095,4095,0,Open
2072,2072,802,4095,4095,1,Open
2076,2073,803,4095,4095,2,Open
2067,2072,802,4095,4095,3,Open
2069,2072,803,4095,4095,4,Open
2068,2072,804,4095,4095,5,Open
2069,2068,802,4095,4095,6,Open
2073,2074,804,4095,4095,7,Open
2076,2068,804,4095,4095,8,Open
2065,2067,802,4095,4095,9,Open
2083,2063,804,4095,4095,10,Open
2078,2075,803,4095,4095,11,Open
2073,2068,803,4095,4095,12,Open
2073,2068,805,4095,4095,13,Open
2070,2069,804,4095,4095,14,Open
2072,2070,805,4095,4095,15,Open
2073,2069,806,4095,4095,16,Open
2068,2072,804,4095,4095,17,Open
2075,2072,804,4095,4095,18,Open
2073,2069,806,4095,4095,19,Open
2073,2066,803,4095,4095,20,Open
2072,2075,806,4095,4095,21,Open
2075,2075,807,4095,4095,22,Open
2075,2074,804,4095,4095,23,Open
2073,2069,807,4095,4095,24,Open
2072,2070,806,4095,4095,25,Open
2072,2072,805,4095,4095,26,Open
2073,2069,806,4095,4095,27,Open
2068,2074,806,4095,4095,28,Open
2072,2075,805,4095,4095,29,Open
2071,2072,807,4095,4095,30,Open
2068,2073,805,4095,4095,31,Open
2079,2069,806,4095,4095,32,Open
2076,2075,807,4095,4095,33,Open
2076,2072,806,4095,4095,34,Open
2070,2066,807,4095,4095,35,Open
2075,2066,806,4095,4095,36,Open
2068,2075,806,4095,4095,37,Open
2068,2071,807,4095,4095,38,Open
2075,2068,807,4095,4095,39,Open
2070,2075,806,4095,4095,40,Open
2073,2076,808,4095,4095,41,Open
2071,2066,807,4095,4095,42,Open
2070,2067,807,4095,4095,43,Open
2076,2077,807,4095,4095,44,Open
2070,2067,806,4095,4095,45,Open
2075,2076,806,4095,4095,46,Open
2072,2072,809,4095,4095,47,Open
2070,2074,806,4095,4095,48,Open
2077,2070,809,4095,4095,49,Open
2069,2074,808,4095,4095,50,Open
2078,2073,807,4095,4095,51,Open
2070,2074,809,4095,4095,52,Open
2071,2075,809,4095,4095,53,Open
2066,2072,807,4095,4095,54,Open
2065,2078,809,4095,4095,55,Open
2075,2071,808,4095,4095,56,Open
2073,2069,808,4095,4095,57,Open
2068,2074,809,4095,4095,58,Open
2071,2072,808,4095,4095,59,Open
2073,2070,808,4095,4095,60,Open
2067,2075,809,4095,4095,61,Open
2068,2069,808,4095,4095,62,Open
2078,2072,809,4095,4095,63,Open
2064,2071,809,4095,4095,64,Open
2071,2073,807,4095,4095,65,Open
2077,2071,809,4095,4095,66,Open
2069,2069,809,4095,4095,67,Open
2067,2077,808,4095,4095,68,Open
2069,2069,808,4095,4095,69,Open
2073,2076,809,4095,4095,70,Open
2081,2072,808,4095,4095,71,Open
2072,2069,810,4095,4095,72,Open
2075,2080,809,4095,4095,73,Open
2068,2071,808,4095,4095,74,Open
2063,2072,809,4095,4095,75,Open
2078,2069,808,4095,4095,76,Open
2072,2072,808,4095,4095,77,Open
2065,2075,810,4095,4095,78,Open
2070,2070,809,4095,4095,79,Open
2073,2079,810,4095,4095,80,Open
2078,2065,810,4095,4095,81,Open
2069,2069,809,4095,4095,82,Open
2070,2070,811,4095,4095,83,Open
2068,2069,811,4095,4095,84,Open
2071,2067,809,4095,4095,85,Open
2068,2068,811,4095,4095,86,Open
2079,2073,811,4095,4095,87,Open
2072,2078,809,4095,4095,88,Open
2071,2077,811,4095,4095,89,Open
2074,2072,810,4095,4095,90,Open
2072,2077,810,4095,4095,91,Open
2073,2069,812,4095,4095,92,Open
2074,2073,811,4095,4095,93,Open
2072,2070,812,4095,4095,94,Open
2073,2063,812,4095,4095,95,Open
2074,2076,810,4095,4095,96,Open
2068,2075,812,4095,4095,97,Open
2073,2068,812,4095,4095,98,Open
2081,2071,810,4095,4095,99,Open
2073,2075,813,4095,4095,100,Open
2074,2081,811,4095,4095,101,Open
2073,2073,811,4095,4095,102,Open
2069,2071,814,4095,4095,103,Open
2073,2070,812,4095,4095,104,Open
2074,2074,812,4095,4095,105,Open
2072,2079,813,4095,4095,106,Open
2072,2077,811,4095,4095,107,Open
2070,2073,812,4095,4095,108,Open
2073,2076,815,4095,4095,109,Open
2079,2072,816,4095,4095,110,Open
2071,2080,817,4095,4095,111,Open
2070,2070,816,4095,4095,112,Open
2077,2076,816,4095,4095,113,Open
2068,2073,817,4095,4095,114,Open
2079,2076,816,4095,4095,115,Open
2072,2079,816,4095,4095,116,Open
2073,2074,818,4095,4095,117,Open
2075,2072,815,4095,4095,118,Open
2075,2070,816,4095,4095,119,Open
2076,2070,817,4095,4095,120,Open
2073,2078,816,4095,4095,121,Open
2076,2079,817,4095,4095,122,Open
2072,2081,818,4095,4095,123,Open
2073,2071,815,4095,4095,124,Open
2075,2081,819,4095,4095,125,Open
2071,2075,816,4095,4095,126,Open
2076,2074,817,4095,4095,127,Open
2082,2072,818,4095,4095,128,Open
2071,2073,816,4095,4095,129,Open
2075,2078,818,4095,4095,130,Open
2071,2071,819,4095,4095,131,Open
2068,2076,817,4095,4095,132,Open
2071,2068,819,4095,4095,133,Open
2077,2076,819,4095,4095,134,Open
2078,2069,818,4095,4095,135,Open
2075,2078,820,4095,4095,136,Open
2074,2079,819,4095,4095,137,Open
2076,2082,818,4095,4095,138,Open
2078,2075,820,4095,4095,139,Open
2070,2079,819,4095,4095,140,Open
2075,2069,819,4095,4095,141,Open
2076,2074,820,4095,4095,142,Open
2080,2074,819,4095,4095,143,Open
2074,2076,821,4095,4095,144,Open
2077,2077,821,4095,4095,145,Open
2071,2072,819,4095,4095,146,Open
2072,2073,820,4095,4095,147,Open
2072,2074,821,4095,4095,148,Open
2070,2068,819,4095,4095,149,Open
2074,2077,821,4095,4095,150,Open
2065,2067,820,4095,4095,151,Open
2079,2077,819,4095,4095,152,Open
2070,2072,822,4095,4095,153,Open
2080,2070,821,4095,4095,154,Open
2076,2077,820,4095,4095,155,Open
2078,2072,822,4095,4095,156,Open
2072,2078,820,4095,4095,157,Open
2078,2079,820,4095,4095,158,Open
2076,2073,823,4095,4095,159,Open
2066,2078,820,4095,4095,160,Open
2081,2071,821,4095,4095,161,Open
2076,2071,822,4095,4095,162,Open
2071,2078,821,4095,4095,163,Open
2075,2081,823,4095,4095,164,Open
2069,2076,822,4095,4095,165,Open
2074,2079,821,4095,4095,166,Open
2081,2077,823,4095,4095,167,Open
2076,2082,821,4095,4095,168,Open
2069,2068,821,4095,4095,169,Open
2071,2078,823,4095,4095,170,Open
2075,2075,823,4095,4095,171,Open
2073,2073,823,4095,4095,172,Open
2082,2074,823,4095,4095,173,Open
2076,2069,821,4095,4095,174,Open
2075,2078,822,4095,4095,175,Open
2075,2075,823,4095,4095,176,Open
2075,2069,822,4095,4095,177,Open
2073,2073,823,4095,4095,178,Open
2073,2077,824,4095,4095,179,Open
2076,2080,822,4095,4095,180,Open
2072,2078,824,4095,4095,181,Open
2075,2070,823,4095,4095,182,Open
2072,2076,823,4095,4095,183,Open
2074,2073,825,4095,4095,184,Open
2074,2069,823,4095,4095,185,Open
2074,2071,824,4095,4095,186,Open
2066,2071,825,4095,4095,187,Open
2073,2080,824,4095,4095,188,Open
2075,2075,824,4095,4095,189,Open
2077,2075,825,4095,4095,190,Open
2076,2074,823,4095,4095,191,Open
2073,2073,824,4095,4095,192,Open
2078,2077,824,4095,4095,193,Open
2074,2078,823,4095,4095,194,Open
2075,2078,825,4095,4095,195,Open
2074,2067,825,4095,4095,196,Open
2076,2076,824,4095,4095,197,Open
2072,2074,826,4095,4095,198,Open
2078,2073,825,4095,4095,199,Open
2068,2074,824,4095,4095,200,Open
2072,2074,827,4095,4095,201,Open
2076,2073,824,4095,4095,202,Open
2075,2072,825,4095,4095,203,Open
2071,2070,826,4095,4095,204,Open
2070,2080,825,4095,4095,205,Open
2075,2073,826,4095,4095,206,Open
2079,2078,827,4095,4095,207,Open
2077,2071,825,4095,4095,208,Open
2076,2075,827,4095,4095,209,Open
2073,2080,828,4095,4095,210,Open
2079,2076,826,4095,4095,211,Open
2079,2071,828,4095,4095,212,Open
2076,2077,826,4095,4095,213,Open
2076,2076,827,4095,4095,214,Open
2075,2073,828,4095,4095,215,Open
2075,2079,826,4095,4095,216,Open
2079,2078,827,4095,4095,217,Open
2071,2075,828,4095,4095,218,Open
2079,2071,827,4095,4095,219,Open
2070,2078,827,4095,4095,220,Open
2068,2072,829,4095,4095,221,Open
2076,2072,826,4095,4095,222,Open
2075,2071,828,4095,4095,223,Open
2073,2076,828,4095,4095,224,Open
2069,2067,826,4095,4095,225,Open
2070,2083,827,4095,4095,226,Open
2071,2072,828,4095,4095,227,Open
2079,2075,827,4095,4095,228,Open
2077,2068,829,4095,4095,229,Open
2071,2081,828,4095,4095,230,Open
2069,2077,827,4095,4095,231,Open
2075,2080,830,4095,4095,232,Open
2074,2074,827,4095,4095,233,Open
2072,2078,828,4095,4095,234,Open
2067,2076,830,4095,4095,235,Open
2080,2074,828,4095,4095,236,Open
2081,2075,829,4095,4095,237,Open
2076,2071,830,4095,4095,238,Open
2074,2074,828,4095,4095,239,Open
2077,2076,830,4095,4095,240,Open
2076,2069,829,4095,4095,241,Open
2082,2072,827,4095,4095,242,Open
2073,2076,830,4095,4095,243,Open
2071,2080,829,4095,4095,244,Open
2077,2075,829,4095,4095,245,Open
2073,2072,830,4095,4095,246,Open
2076,2074,828,4095,4095,247,Open
2075,2072,829,4095,4095,248,Open
2070,2080,831,4095,4095,249,Open
2077,2067,829,4095,4095,250,Open
2077,2073,830,4095,4095,251,Open
2074,2073,831,4095,4095,252,Open
2077,2074,829,4095,4095,253,Open
2075,2069,830,4095,4095,254,Open
2075,2074,830,4095,4095,255,Open
2073,2076,830,4095,4095,256,Open
2069,2077,832,4095,4095,257,Open
2066,2074,831,4095,4095,258,Open
2072,2075,829,4095,4095,259,Open
2075,2073,831,4095,4095,260,Open
2071,2073,829,4095,4095,261,Open
2068,2073,829,4095,4095,262,Open
2079,2078,831,4095,4095,263,Open
2079,2080,830,4095,4095,264,Open
2071,2074,830,4095,4095,265,Open
2078,2071,832,4095,4095,266,Open
2077,2081,830,4095,4095,267,Open
2079,2071,833,4095,4095,268,Open
2072,2078,833,4095,4095,269,Open
2074,2074,830,4095,4095,270,Open
2073,2081,831,4095,4095,271,Open
2077,2076,831,4095,4095,272,Open
2071,2077,830,4095,4095,273,Open
2075,2072,832,4095,4095,274,Open
2069,2077,831,4095,4095,275,Open
2079,2072,830,4095,4095,276,Open
2074,2078,833,4095,4095,277,Open
2073,2063,831,4095,4095,278,Open
2079,2074,831,4095,4095,279,Open
2071,2075,833,4095,4095,280,Open
2083,2074,831,4095,4095,281,Open
2071,2070,831,4095,4095,282,Open
2072,2066,832,4095,4095,283,Open
2070,2075,831,4095,4095,284,Open
2075,2075,833,4095,4095,285,Open
2076,2069,832,4095,4095,286,Open
2077,2074,831,4095,4095,287,Open
2071,2081,833,4095,4095,288,Open
2078,2074,831,4095,4095,289,Open
2072,2074,832,4095,4095,290,Open
2066,2082,834,4095,4095,291,Open
2076,2076,833,4095,4095,292,Open
2079,2077,833,4095,4095,293,Open
2079,2080,833,4095,4095,294,Open
2080,2082,832,4095,4095,295,Open
2070,2078,832,4095,4095,296,Open
2075,2075,834,4095,4095,297,Open
2077,2074,832,4095,4095,298,Open
2080,2076,833,4095,4095,299,Open
2078,2083,833,4095,4095,300,Open
2076,2074,832,4095,4095,301,Open
2076,2077,834,4095,4095,302,Open
2074,2073,833,4095,4095,303,Open
2080,2065,832,4095,4095,304,Open
2076,2079,835,4095,4095,305,Open
2079,2078,832,4095,4095,306,Open
2076,2074,832,4095,4095,307,Open
2062,2073,834,4095,4095,308,Open
2075,2079,832,4095,4095,309,Open
2082,2076,832,4095,4095,310,Open
2074,2075,834,4095,4095,311,Open
2069,2066,831,4095,4095,312,Open
2065,2073,834,4095,4095,313,Open
2076,2074,835,4095,4095,314,Open
2078,2071,832,4095,4095,315,Open
2063,2077,835,4095,4095,316,Open
2068,2070,834,4095,4095,317,Open
2070,2075,833,4095,4095,318,Open
2077,2065,835,4095,4095,319,Open
2074,2075,834,4095,4095,320,Open
2068,2070,833,4095,4095,321,Open
2075,2068,835,4095,4095,322,Open
2063,2078,833,4095,4095,323,Open
2056,2067,833,4095,4095,324,Open
2070,2070,835,4095,4095,325,Open
2053,2064,834,4095,4095,326,Open
2067,2061,834,4095,4095,327,Open
2060,2054,835,4095,4095,328,Open
2063,2070,833,4095,4095,329,Open
2055,2067,835,4095,4095,330,Open
2060,2071,836,4095,4095,331,Open
2065,2061,834,4095,4095,332,Open
2055,2061,836,4095,4095,333,Open
2066,2065,836,4095,4095,334,Open
2054,2047,835,4095,4095,335,Open
2047,2038,837,4095,4095,336,Open
2073,2073,835,4095,4095,337,Open
2072,2070,835,4095,4095,338,Open
2074,2064,837,4095,4095,339,Open
2068,2075,835,4095,4095,340,Open
2073,2070,836,4095,4095,341,Open
2070,2070,837,4095,4095,342,Open
2072,2070,835,4095,4095,343,Open
2076,2074,837,4095,4095,344,Open
2075,2070,836,4095,4095,345,Open
2077,2074,836,4095,4095,346,Open
2072,2078,838,4095,4095,347,Open
2073,2074,838,4095,4095,348,Open
2077,2078,836,4095,4095,349,Open
2070,2078,838,4095,4095,350,Open
2074,2074,838,4095,4095,351,Open
2077,2075,837,4095,4095,352,Open
2071,2073,839,4095,4095,353,Open
2071,2075,838,4095,4095,354,Open
2073,2066,838,4095,4095,355,Open
2072,2067,839,4095,4095,356,Open
2075,2071,837,4095,4095,357,Open
2074,2072,838,4095,4095,358,Open
2071,2073,840,4095,4095,359,Open
2074,2071,838,4095,4095,360,Open
2072,2082,839,4095,4095,361,Open
2076,2075,841,4095,4095,362,Open
2072,2077,838,4095,4095,363,Open
2075,2075,840,4095,4095,364,Open
2069,2070,840,4095,4095,365,Open
2077,2074,839,4095,4095,366,Open
2069,2075,842,4095,4095,367,Open
2072,2072,839,4095,4095,368,Open
2070,2074,840,4095,4095,369,Open
2074,2078,843,4095,4095,370,Open
2073,2078,840,4095,4095,371,Open
2075,2074,841,4095,4095,372,Open
2065,2075,842,4095,4095,373,Open
2077,2075,840,4095,4095,374,Open
2073,2071,841,4095,4095,375,Open
2071,2074,842,4095,4095,376,Open
2076,2080,840,4095,4095,377,Open
2073,2073,843,4095,4095,378,Open
2069,2080,842,4095,4095,379,Open
2076,2074,841,4095,4095,380,Open
2080,2072,843,4095,4095,381,Open
2074,2067,842,4095,4095,382,Open
2067,2075,842,4095,4095,383,Open
2071,2076,844,4095,4095,384,Open
2068,2071,842,4095,4095,385,Open
2075,2074,843,4095,4095,386,Open
2075,2078,844,4095,4095,387,Open
2075,2073,841,4095,4095,388,Open
2073,2078,844,4095,4095,389,Open
2078,2071,843,4095,4095,390,Open
2078,2075,841,4095,4095,391,Open
2073,2075,845,4095,4095,392,Open
2073,2067,844,4095,4095,393,Open
2071,2072,843,4095,4095,394,Open
2071,2074,846,4095,4095,395,Open
2073,2063,844,4095,4095,396,Open
2072,2062,844,4095,4095,397,Open
2069,2073,846,4095,4095,398,Open
2071,2075,845,4095,4095,399,Open
2075,2069,844,4095,4095,400,Open
2078,2081,847,4095,4095,401,Open
2076,2078,843,4095,4095,402,Open
2071,2071,844,4095,4095,403,Open
2073,2073,846,4095,4095,404,Open
2069,2069,844,4095,4095,405,Open
2074,2068,846,4095,4095,406,Open
2070,2074,847,4095,4095,407,Open
2071,2070,845,4095,4095,408,Open
2071,2075,848,4095,4095,409,Open
2064,2068,847,4095,4095,410,Open
2079,2070,845,4095,4095,411,Open
2070,2074,847,4095,4095,412,Open
2079,2068,846,4095,4095,413,Open
2072,2077,845,4095,4095,414,Open
2075,2071,848,4095,4095,415,Open
2077,2077,846,4095,4095,416,Open
2076,2077,847,4095,4095,417,Open
2077,2073,847,4095,4095,418,Open
2077,2075,845,4095,4095,419,Open
2072,2073,848,4095,4095,420,Open
2069,2073,847,4095,4095,421,Open
2072,2078,846,4095,4095,422,Open
2072,2070,848,4095,4095,423,Open
2073,2074,847,4095,4095,424,Open
2069,2074,847,4095,4095,425,Open
2075,2070,849,4095,4095,426,Open
2074,2072,848,4095,4095,427,Open
2080,2075,846,4095,4095,428,Open
2074,2074,849,4095,4095,429,Open
2073,2068,847,4095,4095,430,Open
2072,2069,848,4095,4095,431,Open
2068,2070,849,4095,4095,432,Open
2078,2070,847,4095,4095,433,Open
2074,2073,848,4095,4095,434,Open
2067,2070,850,4095,4095,435,Open
2073,2078,848,4095,4095,436,Open
2071,2067,849,4095,4095,437,Open
2070,2069,849,4095,4095,438,Open
2073,2072,848,4095,4095,439,Open
2070,2067,851,4095,4095,440,Open
2075,2072,850,4095,4095,441,Open
2073,2072,848,4095,4095,442,Open
2069,2073,850,4095,4095,443,Open
2069,2076,849,4095,4095,444,Open
2074,2072,849,4095,4095,445,Open
2069,2066,852,4095,4095,446,Open
2072,2069,849,4095,4095,447,Open
2077,2073,850,4095,4095,448,Open
2066,2073,851,4095,4095,449,Open
2069,2073,849,4095,4095,450,Open
2069,2068,850,4095,4095,451,Open
2072,2076,851,4095,4095,452,Open
2073,2075,850,4095,4095,453,Open
2075,2076,851,4095,4095,454,Open
2072,2073,851,4095,4095,455,Open
2076,2076,850,4095,4095,456,Open
2072,2071,852,4095,4095,457,Open
2074,2074,850,4095,4095,458,Open
2069,2072,850,4095,4095,459,Open
2073,2071,853,4095,4095,460,Open
2067,2078,850,4095,4095,461,Open
2069,2068,851,4095,4095,462,Open
2072,2068,851,4095,4095,463,Open
2067,2066,850,4095,4095,464,Open
2073,2069,851,4095,4095,465,Open
2071,2077,852,4095,4095,466,Open
2069,2077,850,4095,4095,467,Open
2074,2076,852,4095,4095,468,Open
2072,2073,852,4095,4095,469,Open
2078,2075,850,4095,4095,470,Open
2076,2074,853,4095,4095,471,Open
2066,2071,851,4095,4095,472,Open
2076,2070,851,4095,4095,473,Open
2077,2070,854,4095,4095,474,Open
2079,2077,852,4095,4095,475,Open
2074,2078,851,4095,4095,476,Open
2079,2074,853,4095,4095,477,Open
2068,2080,851,4095,4095,478,Open
2067,2074,853,4095,4095,479,Open
2072,2076,853,4095,4095,480,Open
2076,2073,850,4095,4095,481,Open
2078,2077,852,4095,4095,482,Open
2075,2065,852,4095,4095,483,Open
2080,2072,852,4095,4095,484,Open
2077,2073,855,4095,4095,485,Open
2071,2071,852,4095,4095,486,Open
2081,2070,851,4095,4095,487,Open
2074,2068,853,4095,4095,488,Open
2073,2074,851,4095,4095,489,Open
2080,2072,850,4095,4095,490,Open
2075,2075,853,4095,4095,491,Open
2074,2073,851,4095,4095,492,Open
2076,2073,852,4095,4095,493,Open
2077,2076,853,4095,4095,494,Open
2077,2072,852,4095,4095,495,Open
2080,2076,852,4095,4095,496,Open
2073,2079,853,4095,4095,497,Open
2072,2077,851,4095,4095,498,Open
2079,2075,855,4095,4095,499,Open
2075,2076,853,4095,4095,500,Open
2078,2075,851,4095,4095,501,Open
2079,2074,854,4095,4095,502,Open
2077,2077,853,4095,4095,503,Open
2072,2068,853,4095,4095,504,Open
2076,2077,854,4095,4095,505,Open
2076,2074,853,4095,4095,506,Open
2072,2070,852,4095,4095,507,Open
2074,2072,854,4095,4095,508,Open
2077,2073,852,4095,4095,509,Open
2079,2070,854,4095,4095,510,Open
2073,2082,854,4095,4095,511,Open
2080,2076,853,4095,4095,512,Open
2073,2075,854,4095,4095,513,Open
2076,2078,853,4095,4095,514,Open
2084,2073,852,4095,4095,515,Open
2071,2072,854,4095,4095,516,Open
2069,2076,853,4095,4095,517,Open
2072,2072,852,4095,4095,518,Open
2071,2079,855,4095,4095,519,Open
2075,2080,854,4095,4095,520,Open
2076,2074,854,4095,4095,521,Open
2075,2078,855,4095,4095,522,Open
2076,2074,853,4095,4095,523,Open
2085,2073,854,4095,4095,524,Open
2074,2074,856,4095,4095,525,Open
2079,2076,854,4095,4095,526,Open
2075,2077,856,4095,4095,527,Open
2075,2071,856,4095,4095,528,Open
2078,2071,854,4095,4095,529,Open
2075,2075,858,4095,4095,530,Open
2073,2065,855,4095,4095,531,Open
2067,2082,855,4095,4095,532,Open
2073,2080,857,4095,4095,533,Open
2076,2072,855,4095,4095,534,Open
2072,2065,854,4095,4095,535,Open
2074,2078,856,4095,4095,536,Open
2076,2073,854,4095,4095,537,Open
2070,2070,856,4095,4095,538,Open
2075,2078,857,4095,4095,539,Open
2075,2072,855,4095,4095,540,Open
2078,2073,856,4095,4095,541,Open
2076,2077,857,4095,4095,542,Open
2065,2069,855,4095,4095,543,Open
2079,2080,857,4095,4095,544,Open
2074,2077,856,4095,4095,545,Open
2074,2076,855,4095,4095,546,Open
2072,2070,858,4095,4095,547,Open
2073,2072,856,4095,4095,549,Open
2077,2079,859,4095,4095,550,Open
2074,2073,857,4095,4095,551,Open
2077,2072,857,4095,4095,552,Open
2080,2072,859,4095,4095,553,Open
2075,2077,858,4095,4095,554,Open
2073,2075,859,4095,4095,555,Open
2070,2072,860,4095,4095,556,Open
2078,2070,858,4095,4095,557,Open
2078,2073,860,4095,4095,558,Open
2075,2075,859,4095,4095,559,Open
2079,2069,858,4095,4095,560,Open
2073,2070,860,4095,4095,561,Open
2073,2078,859,4095,4095,562,Open
2076,2078,859,4095,4095,563,Open
2080,2079,861,4095,4095,564,Open
2074,2079,859,4095,4095,565,Open
2074,2077,860,4095,4095,566,Open
2076,2077,862,4095,4095,567,Open
2078,2068,860,4095,4095,568,Open
2072,2077,860,4095,4095,569,Open
2079,2073,861,4095,4095,570,Open
2069,2080,860,4095,4095,571,Open
2079,2070,860,4095,4095,572,Open
2075,2077,861,4095,4095,573,Open
2071,2076,859,4095,4095,574,Open
2074,2078,861,4095,4095,575,Open
2071,2077,861,4095,4095,576,Open
2072,2072,860,4095,4095,577,Open
2074,2077,862,4095,4095,578,Open
2078,2076,862,4095,4095,579,Open
2069,2075,862,4095,4095,580,Open
2074,2076,878,4095,4095,581,Open
2075,2081,877,4095,4095,582,Open
2074,2082,877,4095,4095,583,Open
2072,2070,878,4095,4095,584,Open
2076,2073,875,4095,4095,585,Open
2079,2072,878,4095,4095,586,Open
2073,2073,877,4095,4095,587,Open
2074,2071,875,4095,4095,588,Open
2075,2074,877,4095,4095,589,Open
2074,2066,878,4095,4095,590,Open
2078,2078,877,4095,4095,591,Open
2069,2073,879,4095,4095,592,Open
2076,2070,878,4095,4095,593,Open
2082,2068,876,4095,4095,594,Open
2069,2076,879,4095,4095,595,Open
2077,2075,877,4095,4095,596,Open
2076,2076,878,4095,4095,597,Open
2074,2071,879,4095,4095,598,Open
2075,2073,877,4095,4095,599,Open
2068,2070,877,4095,4095,600,Open
2074,2074,878,4095,4095,601,Open
2075,2072,876,4095,4095,602,Open
2079,2079,879,4095,4095,603,Open
2073,2074,879,4095,4095,604,Open
2074,2073,877,4095,4095,605,Open
2071,2077,880,4095,4095,606,Open
2071,2076,879,4095,4095,607,Open
2075,2067,877,4095,4095,608,Open
2074,2078,879,4095,4095,609,Open
2074,2078,877,4095,4095,610,Open
2078,2079,877,4095,4095,611,Open
2072,2077,879,4095,4095,612,Open
2074,2074,877,4095,4095,613,Open
2072,2074,876,4095,4095,614,Open
2081,2080,879,4095,4095,615,Open
2082,2075,876,4095,4095,616,Open
2074,2081,877,4095,4095,617,Open
2081,2071,876,4095,4095,618,Open
2079,2073,877,4095,4095,619,Open
2079,2080,879,4095,4095,620,Open
2079,2075,878,4095,4095,621,Open
2065,2077,876,4095,4095,622,Open
2076,2081,879,4095,4095,623,Open
2070,2077,878,4095,4095,624,Open
2074,2078,878,4095,4095,625,Open
2076,2075,879,4095,4095,626,Open
2072,2078,877,4095,4095,627,Open
2075,2071,878,4095,4095,628,Open
2078,2073,881,4095,4095,629,Open
2073,2073,878,4095,4095,630,Open
2078,2074,878,4095,4095,631,Open
2070,2074,879,4095,4095,632,Open
2075,2072,877,4095,4095,633,Open
2072,2075,878,4095,4095,634,Open
2070,2070,879,4095,4095,635,Open
2076,2070,878,4095,4095,636,Open
2073,2074,880,4095,4095,637,Open
2070,2078,879,4095,4095,638,Open
2074,2077,878,4095,4095,639,Open
2078,2075,880,4095,4095,640,Open
2072,2076,878,4095,4095,641,Open
2075,2077,878,4095,4095,642,Open
2075,2080,880,4095,4095,643,Open
2071,2071,877,4095,4095,644,Open
2076,2071,879,4095,4095,645,Open
2069,2070,880,4095,4095,646,Open
2066,2076,878,4095,4095,647,Open
2073,2074,881,4095,4095,648,Open
2076,2072,879,4095,4095,649,Open
2068,2071,878,4095,4095,650,Open
2080,2070,880,4095,4095,651,Open
2076,2078,881,4095,4095,652,Open
2074,2078,878,4095,4095,653,Open
2077,2073,880,4095,4095,654,Open
2067,2072,879,4095,4095,655,Open
2070,2073,880,4095,4095,656,Open
2071,2073,881,4095,4095,657,Open
2077,2071,879,4095,4095,658,Open
2074,2076,880,4095,4095,659,Open
2070,2075,881,4095,4095,660,Open
2076,2082,879,4095,4095,661,Open
2077,2072,881,4095,4095,662,Open
2070,2076,881,4095,4095,663,Open
2079,2077,879,4095,4095,664,Open
2074,2080,882,4095,4095,665,Open
2077,2069,881,4095,4095,666,Open
2073,2073,879,4095,4095,667,Open
2075,2075,882,4095,4095,668,Open
2078,2077,881,4095,4095,669,Open
2075,2075,879,4095,4095,670,Open
2081,2072,882,4095,4095,671,Open
2076,2073,880,4095,4095,672,Open
2073,2071,880,4095,4095,673,Open
2075,2077,883,4095,4095,674,Open
2073,2075,880,4095,4095,675,Open
2075,2071,882,4095,4095,676,Open
2074,2077,883,4095,4095,677,Open
2073,2081,880,4095,4095,678,Open
2072,2075,883,4095,4095,679,Open
2075,2072,882,4095,4095,680,Open
2074,2078,881,4095,4095,681,Open
2072,2079,882,4095,4095,682,Open
2071,2075,882,4095,4095,683,Open
2070,2072,880,4095,4095,684,Open
2073,2072,883,4095,4095,685,Open
2077,2073,882,4095,4095,686,Open
2068,2075,882,4095,4095,687,Open
2075,2075,883,4095,4095,688,Open
2073,2077,882,4095,4095,689,Open
2070,2074,882,4095,4095,690,Open
2070,2075,884,4095,4095,691,Open
2078,2071,882,4095,4095,692,Open
2070,2072,883,4095,4095,693,Open
2074,2079,884,4095,4095,694,Open
2069,2069,882,4095,4095,695,Open
2075,2069,884,4095,4095,696,Open
2065,2079,883,4095,4095,697,Open
2066,2067,881,4095,4095,698,Open
2073,2080,883,4095,4095,699,Open
2072,2072,881,4095,4095,700,Open
2071,2072,881,4095,4095,701,Open
2078,2083,883,4095,4095,702,Open
2076,2073,882,4095,4095,703,Open
2083,2072,883,4095,4095,704,Open
2076,2074,885,4095,4095,705,Open
2076,2072,882,4095,4095,706,Open
2075,2070,883,4095,4095,707,Open
2064,2071,883,4095,4095,708,Open
2072,2075,881,4095,4095,709,Open
2080,2080,883,4095,4095,710,Open
2075,2080,882,4095,4095,711,Open
2074,2078,881,4095,4095,712,Open
2065,2072,884,4095,4095,713,Open
2072,2075,882,4095,4095,714,Open
2080,2080,882,4095,4095,715,Open
2070,2075,885,4095,4095,716,Open
2075,2070,882,4095,4095,717,Open
2081,2080,881,4095,4095,718,Open
2079,2067,884,4095,4095,719,Open
2076,2070,881,4095,4095,720,Open
2080,2079,882,4095,4095,721,Open
2079,2074,883,4095,4095,722,Open
2073,2074,881,4095,4095,723,Open
2077,2077,884,4095,4095,724,Open
2075,2071,884,4095,4095,725,Open
2068,2074,883,4095,4095,726,Open
2076,2073,885,4095,4095,727,Open
2074,2075,883,4095,4095,728,Open
2074,2082,882,4095,4095,729,Open
2072,2068,885,4095,4095,730,Open
2074,2079,883,4095,4095,731,Open
2079,2069,884,4095,4095,732,Open
2082,2078,886,4095,4095,733,Open
2073,2073,884,4095,4095,734,Open
2080,2075,885,4095,4095,735,Open
2071,2072,886,4095,4095,736,Open
2076,2073,885,4095,4095,737,Open
2070,2081,887,4095,4095,738,Open
2068,2077,886,4095,4095,739,Open
2077,2075,884,4095,4095,740,Open
2081,2079,886,4095,4095,741,Open
2077,2076,886,4095,4095,742,Open
2077,2073,884,4095,4095,743,Open
2071,2073,887,4095,4095,744,Open
2075,2072,885,4095,4095,745,Open
2071,2080,885,4095,4095,746,Open
2074,2074,886,4095,4095,747,Open
2078,2069,885,4095,4095,748,Open
2071,2069,885,4095,4095,749,Open
2078,2072,887,4095,4095,750,Open
2072,2078,885,4095,4095,751,Open
2071,2076,886,4095,4095,752,Open
2073,2070,886,4095,4095,753,Open
2070,2080,885,4095,4095,754,Open
2073,2078,887,4095,4095,755,Open
2077,2076,886,4095,4095,756,Open
2084,2075,886,4095,4095,757,Open
2073,2077,888,4095,4095,758,Open
2076,2069,887,4095,4095,759,Open
2074,2073,887,4095,4095,760,Open
2072,2078,889,4095,4095,761,Open
2078,2075,887,4095,4095,762,Open
2075,2073,887,4095,4095,763,Open
2077,2079,889,4095,4095,764,Open
2069,2070,888,4095,4095,765,Open
2072,2076,888,4095,4095,766,Open
2071,2074,889,4095,4095,767,Open
2072,2073,887,4095,4095,768,Open
2073,2070,889,4095,4095,769,Open
2075,2075,889,4095,4095,770,Open
2073,2073,887,4095,4095,771,Open
2076,2074,889,4095,4095,772,Open
2079,2068,889,4095,4095,773,Open
2068,2074,887,4095,4095,774,Open
2072,2073,889,4095,4095,775,Open
2073,2073,889,4095,4095,776,Open
2072,2071,888,4095,4095,777,Open
2076,2075,891,4095,4095,778,Open
2074,2076,888,4095,4095,779,Open
2079,2074,889,4095,4095,780,Open
2078,2074,890,4095,4095,781,Open
2072,2073,889,4095,4095,782,Open
2072,2067,890,4095,4095,783,Open
2080,2072,891,4095,4095,784,Open
2077,2075,889,4095,4095,785,Open
2071,2077,890,4095,4095,786,Open
2070,2074,891,4095,4095,787,Open
2073,2079,889,4095,4095,788,Open
2071,2073,893,4095,4095,789,Open
2079,2077,890,4095,4095,790,Open
2077,2081,889,4095,4095,791,Open
2073,2074,892,4095,4095,792,Open
2073,2074,890,4095,4095,793,Open
2073,2070,890,4095,4095,794,Open
2068,2075,892,4095,4095,795,Open
2079,2079,890,4095,4095,796,Open
2079,2074,890,4095,4095,797,Open
2081,2072,892,4095,4095,798,Open
2070,2073,891,4095,4095,799,Open
2075,2075,892,4095,4095,800,Open
2072,2076,892,4095,4095,801,Open
2078,2070,891,4095,4095,802,Open
2078,2076,893,4095,4095,803,Open
2079,2077,892,4095,4095,804,Open
2074,2075,890,4095,4095,805,Open
2068,2074,893,4095,4095,806,Open
2079,2075,891,4095,4095,807,Open
2068,2074,891,4095,4095,808,Open
2073,2075,893,4095,4095,809,Open
2072,2076,891,4095,4095,810,Open
2077,2073,892,4095,4095,811,Open
2070,2074,893,4095,4095,812,Open
2078,2075,891,4095,4095,813,Open
2076,2080,893,4095,4095,814,Open
2072,2073,894,4095,4095,815,Open
2073,2080,892,4095,4095,816,Open
2074,2070,895,4095,4095,817,Open
2069,2075,895,4095,4095,818,Open
2076,2074,893,4095,4095,819,Open
2075,2073,896,4095,4095,820,Open
2082,2070,894,4095,4095,821,Open
2070,2069,893,4095,4095,822,Open
2073,2076,895,4095,4095,823,Open
2078,2076,894,4095,4095,824,Open
2074,2078,894,4095,4095,825,Open
2072,2070,896,4095,4095,826,Open
2078,2075,894,4095,4095,827,Open
2072,2078,895,4095,4095,828,Open
2072,2072,896,4095,4095,829,Open
2079,2076,894,4095,4095,830,Open
2072,2077,896,4095,4095,831,Open
2074,2074,896,4095,4095,832,Open
2072,2075,895,4095,4095,833,Open
2077,2071,898,4095,4095,834,Open
2077,2066,897,4095,4095,835,Open
2074,2074,896,4095,4095,836,Open
2075,2080,898,4095,4095,837,Open
2073,2074,896,4095,4095,838,Open
2073,2069,896,4095,4095,839,Open
2072,2075,898,4095,4095,840,Open
2074,2075,897,4095,4095,841,Open
2074,2077,897,4095,4095,842,Open
2076,2076,898,4095,4095,843,Open
2077,2073,895,4095,4095,844,Open
2075,2073,898,4095,4095,845,Open
2078,2071,898,4095,4095,846,Open
2077,2076,897,4095,4095,847,Open
2071,2064,897,4095,4095,848,Open
2078,2077,898,4095,4095,849,Open
2070,2076,897,4095,4095,850,Open
2077,2076,899,4095,4095,851,Open
2077,2072,898,4095,4095,852,Open
2071,2073,898,4095,4095,853,Open
2077,2072,900,4095,4095,854,Open
2077,2079,898,4095,4095,855,Open
2078,2069,898,4095,4095,856,Open
2076,2073,901,4095,4095,857,Open
2078,2070,898,4095,4095,858,Open
2070,2075,899,4095,4095,859,Open
2074,2070,900,4095,4095,860,Open
2079,2071,898,4095,4095,861,Open
2072,2076,900,4095,4095,862,Open
2078,2071,900,4095,4095,863,Open
2078,2075,899,4095,4095,864,Open
2074,2079,902,4095,4095,865,Open
2071,2069,900,4095,4095,866,Open
2072,2077,899,4095,4095,867,Open
2070,2071,902,4095,4095,868,Open
2076,2078,900,4095,4095,869,Open
2077,2071,901,4095,4095,870,Open
2083,2073,902,4095,4095,871,Open
2074,2070,900,4095,4095,872,Open
2070,2073,901,4095,4095,873,Open
2067,2075,902,4095,4095,874,Open
2070,2075,901,4095,4095,875,Open
2072,2070,902,4095,4095,876,Open
2069,2070,903,4095,4095,877,Open
2078,2075,901,4095,4095,878,Open
2068,2071,904,4095,4095,879,Open
2073,2071,902,4095,4095,880,Open
2073,2074,902,4095,4095,881,Open
2073,2072,904,4095,4095,882,Open
2070,2077,902,4095,4095,883,Open
2072,2074,902,4095,4095,884,Open
2072,2075,904,4095,4095,885,Open
2074,2077,902,4095,4095,886,Open
2073,2078,904,4095,4095,887,Open
2074,2078,904,4095,4095,888,Open
2073,2072,903,4095,4095,889,Open
2073,2071,904,4095,4095,890,Open
2071,2079,905,4095,4095,891,Open
2071,2073,903,4095,4095,892,Open
2073,2076,904,4095,4095,893,Open
2074,2072,904,4095,4095,894,Open
2077,2074,904,4095,4095,895,Open
2077,2069,907,4095,4095,896,Open
2071,2066,905,4095,4095,897,Open
2073,2071,905,4095,4095,898,Open
2073,2072,907,4095,4095,899,Open
2072,2082,904,4095,4095,900,Open
2076,2073,905,4095,4095,901,Open
2070,2070,906,4095,4095,902,Open
2073,2076,905,4095,4095,903,Open
2073,2075,906,4095,4095,904,Open
2075,2076,906,4095,4095,905,Open
2069,2068,904,4095,4095,906,Open
2073,2076,907,4095,4095,907,Open
2071,2073,906,4095,4095,908,Open
2072,2072,905,4095,4095,909,Open
2073,2074,908,4095,4095,910,Open
2072,2073,906,4095,4095,911,Open
2073,2071,905,4095,4095,912,Open
2074,2066,908,4095,4095,913,Open
2067,2068,905,4095,4095,914,Open
2069,2069,905,4095,4095,915,Open
2066,2069,907,4095,4095,916,Open
2070,2076,906,4095,4095,917,Open
2068,2072,907,4095,4095,918,Open
2070,2069,909,4095,4095,919,Open
2073,2068,906,4095,4095,920,Open
2075,2072,908,4095,4095,921,Open
2069,2068,908,4095,4095,922,Open
2070,2065,906,4095,4095,923,Open
2070,2068,910,4095,4095,924,Open
2073,2069,909,4095,4095,925,Open
2069,2073,907,4095,4095,926,Open
2060,2065,909,4095,4095,927,Open
2068,2070,908,4095,4095,928,Open
2071,2069,908,4095,4095,929,Open
2071,2068,910,4095,4095,930,Open
2068,2066,909,4095,4095,931,Open
2063,2071,908,4095,4095,932,Open
2068,2070,911,4095,4095,933,Open
2063,2071,909,4095,4095,934,Open
2070,2065,910,4095,4095,935,Open
2068,2065,910,4095,4095,936,Open
2067,2064,908,4095,4095,937,Open
2073,2066,911,4095,4095,938,Open
2068,2066,910,4095,4095,939,Open
2067,2068,908,4095,4095,940,Open
2068,2071,911,4095,4095,941,Open
2068,2070,910,4095,4095,942,Open
2067,2067,910,4095,4095,943,Open
2073,2071,912,4095,4095,944,Open
2067,2071,910,4095,4095,945,Open
2072,2073,911,4095,4095,946,Open
2070,2066,912,4095,4095,947,Open
2070,2074,909,4095,4095,948,Open
2066,2072,911,4095,4095,949,Open
2073,2074,912,4095,4095,950,Open
2067,2072,910,4095,4095,951,Open
2069,2067,912,4095,4095,952,Open
2071,2067,912,4095,4095,953,Open
2070,2068,911,4095,4095,954,Open
2067,2064,914,4095,4095,955,Open
2071,2070,912,4095,4095,956,Open
2072,2067,911,4095,4095,957,Open
2071,2066,914,4095,4095,958,Open
2066,2072,912,4095,4095,959,Open
2068,2069,913,4095,4095,960,Open
2073,2065,915,4095,4095,961,Open
2065,2069,913,4095,4095,962,Open
2067,2072,915,4095,4095,963,Open
2069,2065,914,4095,4095,964,Open
2076,2068,912,4095,4095,965,Open
2067,2073,914,4095,4095,966,Open
2071,2069,915,4095,4095,967,Open
2066,2066,913,4095,4095,968,Open
2066,2067,916,4095,4095,969,Open
2068,2061,914,4095,4095,970,Open
2064,2069,913,4095,4095,971,Open
2068,2066,917,4095,4095,972,Open
2071,2065,915,4095,4095,973,Open
2071,2074,916,4095,4095,974,Open
2066,2067,918,4095,4095,975,Open
2068,2066,915,4095,4095,976,Open
2065,2066,916,4095,4095,977,Open
2068,2062,918,4095,4095,978,Open
2066,2071,916,4095,4095,979,Open
2068,2072,919,4095,4095,980,Open
2069,2068,918,4095,4095,981,Open
2070,2068,916,4095,4095,982,Open
2065,2061,918,4095,4095,983,Open
2070,2073,918,4095,4095,984,Open
2067,2072,916,4095,4095,985,Open
2071,2065,919,4095,4095,986,Open
2067,2068,917,4095,4095,987,Open
2066,2070,917,4095,4095,988,Open
2068,2066,919,4095,4095,989,Open
2069,2068,916,4095,4095,990,Open
2065,2065,917,4095,4095,991,Open
2071,2069,919,4095,4095,992,Open
2074,2073,917,4095,4095,993,Open
2066,2070,918,4095,4095,994,Open
2068,2066,920,4095,4095,995,Open
2068,2066,918,4095,4095,996,Open
2066,2071,921,4095,4095,997,Open
2067,2068,920,4095,4095,998,Open
2065,2065,918,4095,4095,999,Open
2069,2069,921,4095,4095,1000,Open
2067,2071,920,4095,4095,1001,Open
2071,2067,917,4095,4095,1002,Open
2068,2067,921,4095,4095,1003,Open
2070,2070,918,4095,4095,1004,Open
2070,2069,918,4095,4095,1005,Open
2066,2065,921,4095,4095,1006,Open
2066,2065,919,4095,4095,1007,Open
2074,2072,920,4095,4095,1008,Open
2067,2067,922,4095,4095,1009,Open
2069,2065,918,4095,4095,1010,Open
2064,2070,920,4095,4095,1011,Open
2070,2071,920,4095,4095,1012,Open
2066,2075,919,4095,4095,1013,Open
2071,2070,920,4095,4095,1014,Open
2070,2070,920,4095,4095,1015,Open
2066,2070,918,4095,4095,1016,Open
2067,2069,920,4095,4095,1017,Open
2069,2066,919,4095,4095,1018,Open
2072,2066,919,4095,4095,1019,Open
2069,2073,921,4095,4095,1020,Open
2068,2071,918,4095,4095,1021,Open
2069,2072,919,4095,4095,1022,Open
2068,2071,921,4095,4095,1023,Open
2065,2071,918,4095,4095,1024,Open
2068,2072,920,4095,4095,1025,Open
2068,2070,920,4095,4095,1026,Open
2071,2065,918,4095,4095,1027,Open
2070,2073,921,4095,4095,1028,Open
2068,2073,920,4095,4095,1029,Open
2066,2067,919,4095,4095,1030,Open
2069,2068,921,4095,4095,1031,Open
2072,2063,921,4095,4095,1032,Open
2073,2069,920,4095,4095,1033,Open
2068,2062,923,4095,4095,1034,Open
2068,2064,922,4095,4095,1035,Open
2065,2070,921,4095,4095,1036,Open
2071,2069,923,4095,4095,1037,Open
2070,2077,921,4095,4095,1038,Open
2071,2067,922,4095,4095,1039,Open
2071,2073,924,4095,4095,1040,Open
2069,2069,920,4095,4095,1041,Open
2071,2070,924,4095,4095,1042,Open
2073,2070,922,4095,4095,1043,Open
2068,2073,921,4095,4095,1044,Open
2067,2065,923,4095,4095,1045,Open
2074,2074,922,4095,4095,1046,Open
2073,2073,921,4095,4095,1047,Open
2065,2061,924,4095,4095,1048,Open
2069,2076,922,4095,4095,1049,Open
2068,2065,923,4095,4095,1050,Open
2072,2070,925,4095,4095,1051,Open
2070,2074,921,4095,4095,1052,Open
2071,2068,924,4095,4095,1053,Open
2067,2069,924,4095,4095,1054,Open
2069,2068,922,4095,4095,1055,Open
2065,2072,924,4095,4095,1056,Open
2071,2069,925,4095,4095,1057,Open
2068,2073,923,4095,4095,1058,Open
2068,2062,925,4095,4095,1059,Open
2073,2073,925,4095,4095,1060,Open
2066,2070,923,4095,4095,1061,Open
2069,2068,926,4095,4095,1062,Open
2161,2151,789,4095,4095,0,25C
2142,2149,791,4095,4095,1,25C
2149,2155,788,4095,4095,2,25C
2151,2153,790,4095,4095,3,25C
2150,2151,790,4095,4095,4,25C
2153,2144,788,4095,4095,5,25C
2152,2151,789,4095,4095,6,25C
2153,2148,789,4095,4095,7,25C
2148,2143,788,4095,4095,8,25C
2147,2153,790,4095,4095,9,25C
2142,2154,789,4095,4095,10,25C
2143,2149,788,4095,4095,11,25C
2146,2153,790,4095,4095,12,25C
2149,2144,788,4095,4095,13,25C
2147,2154,789,4095,4095,14,25C
2144,2146,790,4095,4095,15,25C
2145,2152,788,4095,4095,16,25C
2153,2150,789,4095,4095,17,25C
2141,2154,789,4095,4095,18,25C
2151,2150,787,4095,4095,19,25C
2146,2147,788,4095,4095,20,25C
2147,2147,789,4095,4095,21,25C
2148,2145,787,4095,4095,22,25C
2150,2148,789,4095,4095,23,25C
2151,2148,788,4095,4095,24,25C
2150,2151,787,4095,4095,25,25C
2140,2150,789,4095,4095,26,25C
2150,2148,788,4095,4095,27,25C
2150,2146,788,4095,4095,28,25C
2145,2146,789,4095,4095,29,25C
2146,2151,788,4095,4095,30,25C
2150,2144,788,4095,4095,31,25C
2149,2147,789,4095,4095,32,25C
2155,2148,787,4095,4095,33,25C
2148,2145,788,4095,4095,34,25C
2147,2152,788,4095,4095,35,25C
2148,2146,787,4095,4095,36,25C
2151,2149,789,4095,4095,37,25C
2141,2144,788,4095,4095,38,25C
2147,2145,787,4095,4095,39,25C
2153,2148,788,4095,4095,40,25C
2146,2149,788,4095,4095,41,25C
2149,2140,788,4095,4095,42,25C
2147,2146,788,4095,4095,43,25C
2146,2147,787,4095,4095,44,25C
2152,2147,788,4095,4095,45,25C
2148,2147,789,4095,4095,46,25C
2143,2149,787,4095,4095,47,25C
2138,2152,788,4095,4095,48,25C
2149,2146,789,4095,4095,49,25C
2149,2146,787,4095,4095,50,25C
2150,2149,789,4095,4095,51,25C
2142,2142,789,4095,4095,52,25C
2141,2142,788,4095,4095,53,25C
2141,2144,788,4095,4095,54,25C
2149,2146,788,4095,4095,55,25C
2148,2145,788,4095,4095,56,25C
2147,2147,789,4095,4095,57,25C
2150,2147,787,4095,4095,58,25C
2148,2151,787,4095,4095,59,25C
2148,2146,789,4095,4095,60,25C
2147,2144,787,4095,4095,61,25C
2151,2148,788,4095,4095,62,25C
2148,2143,789,4095,4095,63,25C
2150,2144,787,4095,4095,64,25C
2146,2154,789,4095,4095,65,25C
2154,2150,788,4095,4095,66,25C
2146,2151,787,4095,4095,67,25C
2143,2149,789,4095,4095,68,25C
2152,2146,788,4095,4095,69,25C
2139,2142,786,4095,4095,70,25C
2147,2146,789,4095,4095,71,25C
2149,2142,787,4095,4095,72,25C
2151,2148,787,4095,4095,73,25C
2148,2148,789,4095,4095,74,25C
2154,2148,787,4095,4095,75,25C
2146,2149,787,4095,4095,76,25C
2142,2147,789,4095,4095,77,25C
2149,2145,787,4095,4095,78,25C
2142,2150,787,4095,4095,79,25C
2148,2147,787,4095,4095,80,25C
2142,2143,786,4095,4095,81,25C
2145,2146,787,4095,4095,82,25C
2144,2147,787,4095,4095,83,25C
2151,2145,786,4095,4095,84,25C
2146,2146,788,4095,4095,85,25C
2148,2142,787,4095,4095,86,25C
2146,2146,786,4095,4095,87,25C
2146,2139,788,4095,4095,88,25C
2147,2148,787,4095,4095,89,25C
2149,2140,787,4095,4095,90,25C
2143,2148,789,4095,4095,91,25C
2144,2143,786,4095,4095,92,25C
2149,2138,787,4095,4095,93,25C
2148,2149,788,4095,4095,94,25C
2138,2150,786,4095,4095,95,25C
2145,2145,786,4095,4095,96,25C
2140,2152,787,4095,4095,97,25C
2148,2153,786,4095,4095,98,25C
2139,2153,787,4095,4095,99,25C
2146,2147,787,4095,4095,100,25C
2150,2145,786,4095,4095,101,25C
2151,2142,788,4095,4095,102,25C
2151,2141,786,4095,4095,103,25C
2147,2144,786,4095,4095,104,25C
2145,2150,788,4095,4095,105,25C
2144,2143,786,4095,4095,106,25C
2143,2154,786,4095,4095,107,25C
2145,2145,787,4095,4095,108,25C
2147,2141,785,4095,4095,109,25C
2137,2148,786,4095,4095,110,25C
2145,2144,787,4095,4095,111,25C
2142,2144,785,4095,4095,112,25C
2152,2139,786,4095,4095,113,25C
2143,2148,786,4095,4095,114,25C
2148,2147,786,4095,4095,115,25C
2144,2147,788,4095,4095,116,25C
2141,2141,786,4095,4095,117,25C
2150,2141,785,4095,4095,118,25C
2144,2146,786,4095,4095,119,25C
2143,2144,785,4095,4095,120,25C
2139,2144,787,4095,4095,121,25C
2139,2142,787,4095,4095,122,25C
2148,2145,786,4095,4095,123,25C
2146,2148,786,4095,4095,124,25C
2144,2145,788,4095,4095,125,25C
2144,2143,785,4095,4095,126,25C
2140,2149,787,4095,4095,127,25C
2144,2147,787,4095,4095,128,25C
2145,2145,786,4095,4095,129,25C
2152,2145,787,4095,4095,130,25C
2144,2148,786,4095,4095,131,25C
2143,2146,786,4095,4095,132,25C
2142,2141,788,4095,4095,133,25C
2143,2147,786,4095,4095,134,25C
2147,2138,786,4095,4095,135,25C
2146,2144,786,4095,4095,136,25C
2147,2140,785,4095,4095,137,25C
2141,2142,786,4095,4095,138,25C
2141,2149,787,4095,4095,139,25C
2146,2144,785,4095,4095,140,25C
2149,2139,788,4095,4095,141,25C
2146,2149,788,4095,4095,142,25C
2148,2152,786,4095,4095,143,25C
2144,2148,788,4095,4095,144,25C
2145,2149,787,4095,4095,145,25C
2150,2143,786,4095,4095,146,25C
2139,2147,788,4095,4095,147,25C
2152,2146,786,4095,4095,148,25C
2148,2149,786,4095,4095,149,25C
2150,2149,788,4095,4095,150,25C
2151,2151,786,4095,4095,151,25C
2145,2148,786,4095,4095,152,25C
2143,2147,788,4095,4095,153,25C
2148,2150,785,4095,4095,154,25C
2146,2147,787,4095,4095,155,25C
2147,2146,788,4095,4095,156,25C
2147,2148,786,4095,4095,157,25C
2150,2150,788,4095,4095,158,25C
2143,2155,788,4095,4095,159,25C
2149,2147,787,4095,4095,160,25C
2158,2149,788,4095,4095,161,25C
2150,2144,787,4095,4095,162,25C
2152,2153,787,4095,4095,163,25C
2150,2146,788,4095,4095,164,25C
2159,2149,787,4095,4095,165,25C
2153,2147,788,4095,4095,166,25C
2152,2148,789,4095,4095,167,25C
2151,2140,787,4095,4095,168,25C
2155,2151,787,4095,4095,169,25C
2150,2155,789,4095,4095,170,25C
2153,2153,787,4095,4095,171,25C
2148,2158,789,4095,4095,172,25C
2150,2151,789,4095,4095,173,25C
2147,2150,788,4095,4095,174,25C
2151,2153,790,4095,4095,175,25C
2153,2148,789,4095,4095,176,25C
2151,2150,788,4095,4095,177,25C
2154,2157,789,4095,4095,178,25C
2152,2151,788,4095,4095,179,25C
2153,2150,788,4095,4095,180,25C
2153,2156,790,4095,4095,181,25C
2157,2153,789,4095,4095,182,25C
2151,2151,789,4095,4095,183,25C
2154,2152,790,4095,4095,184,25C
2150,2156,789,4095,4095,185,25C
2149,2151,791,4095,4095,186,25C
2154,2151,791,4095,4095,187,25C
2153,2155,789,4095,4095,188,25C
2151,2160,791,4095,4095,189,25C
2155,2153,790,4095,4095,190,25C
2159,2160,790,4095,4095,191,25C
2158,2154,790,4095,4095,192,25C
2158,2159,790,4095,4095,193,25C
2158,2161,790,4095,4095,194,25C
2160,2156,792,4095,4095,195,25C
2154,2150,790,4095,4095,196,25C
2161,2161,791,4095,4095,197,25C
2155,2158,792,4095,4095,198,25C
2157,2155,790,4095,4095,199,25C
2155,2155,792,4095,4095,200,25C
2153,2162,792,4095,4095,201,25C
2159,2157,790,4095,4095,202,25C
2160,2158,793,4095,4095,203,25C
2164,2159,792,4095,4095,204,25C
2157,2162,791,4095,4095,205,25C
2163,2160,793,4095,4095,206,25C
2157,2164,792,4095,4095,207,25C
2159,2160,792,4095,4095,208,25C
2167,2161,794,4095,4095,209,25C
2163,2164,792,4095,4095,210,25C
2166,2164,793,4095,4095,211,25C
2166,2160,794,4095,4095,212,25C
2160,2165,793,4095,4095,213,25C
2163,2164,794,4095,4095,214,25C
2159,2164,793,4095,4095,215,25C
2168,2166,792,4095,4095,216,25C
2165,2163,795,4095,4095,217,25C
2164,2171,794,4095,4095,218,25C
2160,2167,793,4095,4095,219,25C
2166,2165,795,4095,4095,220,25C
2162,2167,794,4095,4095,221,25C
2162,2163,793,4095,4095,222,25C
2164,2167,796,4095,4095,223,25C
2166,2168,794,4095,4095,224,25C
2174,2164,793,4095,4095,225,25C
2170,2169,796,4095,4095,226,25C
2171,2164,794,4095,4095,227,25C
2163,2161,795,4095,4095,228,25C
2166,2171,796,4095,4095,229,25C
2166,2166,794,4095,4095,230,25C
2169,2174,795,4095,4095,231,25C
2166,2167,796,4095,4095,232,25C
2164,2170,795,4095,4095,233,25C
2168,2168,797,4095,4095,234,25C
2182,2173,797,4095,4095,235,25C
2172,2172,796,4095,4095,236,25C
2171,2171,797,4095,4095,237,25C
2170,2171,797,4095,4095,238,25C
2168,2174,797,4095,4095,239,25C
2171,2169,797,4095,4095,240,25C
2174,2167,797,4095,4095,241,25C
2168,2167,798,4095,4095,242,25C
2172,2172,798,4095,4095,243,25C
2175,2176,797,4095,4095,244,25C
2172,2173,798,4095,4095,245,25C
2174,2171,799,4095,4095,246,25C
2174,2171,797,4095,4095,247,25C
2172,2176,799,4095,4095,248,25C
2169,2176,799,4095,4095,249,25C
2180,2173,798,4095,4095,250,25C
2177,2173,800,4095,4095,251,25C
2177,2178,798,4095,4095,252,25C
2181,2179,798,4095,4095,253,25C
2180,2178,801,4095,4095,254,25C
2181,2173,800,4095,4095,255,25C
2180,2177,799,4095,4095,256,25C
2173,2181,801,4095,4095,257,25C
2177,2177,800,4095,4095,258,25C
2181,2182,800,4095,4095,259,25C
2177,2179,801,4095,4095,260,25C
2189,2185,800,4095,4095,261,25C
2180,2176,802,4095,4095,262,25C
2174,2180,802,4095,4095,263,25C
2179,2177,800,4095,4095,264,25C
2181,2180,803,4095,4095,265,25C
2184,2179,802,4095,4095,266,25C
2176,2187,801,4095,4095,267,25C
2193,2181,803,4095,4095,268,25C
2181,2178,802,4095,4095,269,25C
2179,2181,803,4095,4095,270,25C
2180,2180,804,4095,4095,271,25C
2183,2178,803,4095,4095,272,25C
2186,2182,803,4095,4095,273,25C
2184,2183,804,4095,4095,274,25C
2187,2190,803,4095,4095,275,25C
2183,2182,804,4095,4095,276,25C
2186,2193,805,4095,4095,277,25C
2192,2186,804,4095,4095,278,25C
2185,2185,805,4095,4095,279,25C
2185,2181,805,4095,4095,280,25C
2187,2189,804,4095,4095,281,25C
2186,2187,806,4095,4095,282,25C
2189,2188,806,4095,4095,283,25C
2192,2186,804,4095,4095,284,25C
2188,2188,806,4095,4095,285,25C
2192,2191,805,4095,4095,286,25C
2194,2189,805,4095,4095,287,25C
2193,2193,807,4095,4095,288,25C
2189,2194,806,4095,4095,289,25C
2194,2190,806,4095,4095,290,25C
2194,2194,808,4095,4095,291,25C
2193,2193,806,4095,4095,292,25C
2192,2197,808,4095,4095,293,25C
2194,2189,808,4095,4095,294,25C
2194,2196,806,4095,4095,295,25C
2191,2190,808,4095,4095,296,25C
2195,2200,808,4095,4095,297,25C
2198,2193,808,4095,4095,298,25C
2198,2195,809,4095,4095,299,25C
2193,2195,808,4095,4095,300,25C
2197,2199,808,4095,4095,301,25C
2201,2192,809,4095,4095,302,25C
2199,2197,808,4095,4095,303,25C
2192,2199,809,4095,4095,304,25C
2196,2196,810,4095,4095,305,25C
2202,2198,809,4095,4095,306,25C
2201,2200,810,4095,4095,307,25C
2194,2198,810,4095,4095,308,25C
2196,2203,809,4095,4095,309,25C
2195,2204,811,4095,4095,310,25C
2201,2203,811,4095,4095,311,25C
2199,2199,810,4095,4095,312,25C
2193,2206,812,4095,4095,313,25C
2204,2197,811,4095,4095,314,25C
2203,2209,810,4095,4095,315,25C
2204,2202,812,4095,4095,316,25C
2200,2200,811,4095,4095,317,25C
2207,2200,811,4095,4095,318,25C
2194,2201,812,4095,4095,319,25C
2204,2205,811,4095,4095,320,25C
2203,2203,814,4095,4095,321,25C
2201,2206,814,4095,4095,322,25C
2204,2208,813,4095,4095,323,25C
2210,2203,814,4095,4095,324,25C
2211,2198,814,4095,4095,325,25C
2208,2200,813,4095,4095,326,25C
2199,2207,815,4095,4095,327,25C
2201,2205,814,4095,4095,328,25C
2201,2207,814,4095,4095,329,25C
2204,2214,816,4095,4095,330,25C
2207,2205,814,4095,4095,331,25C
2208,2214,815,4095,4095,332,25C
2208,2217,816,4095,4095,333,25C
2208,2205,815,4095,4095,334,25C
2208,2210,815,4095,4095,335,25C
2209,2213,816,4095,4095,336,25C
2216,2211,815,4095,4095,337,25C
2210,2209,816,4095,4095,338,25C
2209,2210,817,4095,4095,339,25C
2217,2211,816,4095,4095,340,25C
2210,2207,818,4095,4095,341,25C
2218,2216,817,4095,4095,342,25C
2217,2213,816,4095,4095,343,25C
2210,2216,819,4095,4095,344,25C
2212,2215,817,4095,4095,345,25C
2208,2213,817,4095,4095,346,25C
2213,2221,820,4095,4095,347,25C
2213,2214,819,4095,4095,348,25C
2212,2212,818,4095,4095,349,25C
2213,2217,820,4095,4095,350,25C
2219,2215,818,4095,4095,351,25C
2215,2221,820,4095,4095,352,25C
2212,2220,820,4095,4095,353,25C
2222,2216,819,4095,4095,354,25C
2218,2222,820,4095,4095,355,25C
2219,2217,820,4095,4095,356,25C
2220,2216,819,4095,4095,357,25C
2215,2218,822,4095,4095,358,25C
2223,2214,821,4095,4095,359,25C
2222,2220,821,4095,4095,360,25C
2222,2224,823,4095,4095,361,25C
2218,2222,821,4095,4095,362,25C
2226,2224,822,4095,4095,363,25C
2220,2225,823,4095,4095,364,25C
2227,2221,823,4095,4095,365,25C
2227,2224,823,4095,4095,366,25C
2223,2220,824,4095,4095,367,25C
2230,2222,822,4095,4095,368,25C
2226,2227,825,4095,4095,369,25C
2224,2229,825,4095,4095,370,25C
2227,2227,823,4095,4095,371,25C
2222,2229,825,4095,4095,372,25C
2222,2232,824,4095,4095,373,25C
2229,2224,823,4095,4095,374,25C
2228,2228,826,4095,4095,375,25C
2233,2237,825,4095,4095,376,25C
2223,2229,825,4095,4095,377,25C
2224,2232,827,4095,4095,378,25C
2229,2228,825,4095,4095,379,25C
2229,2226,826,4095,4095,380,25C
2235,2227,827,4095,4095,381,25C
2228,2227,826,4095,4095,382,25C
2237,2228,827,4095,4095,383,25C
2233,2228,828,4095,4095,384,25C
2235,2234,827,4095,4095,385,25C
2231,2233,828,4095,4095,386,25C
2232,2232,829,4095,4095,387,25C
2236,2234,827,4095,4095,388,25C
2230,2232,829,4095,4095,389,25C
2237,2238,829,4095,4095,390,25C
2240,2235,828,4095,4095,391,25C
2235,2240,831,4095,4095,392,25C
2237,2240,828,4095,4095,393,25C
2233,2236,829,4095,4095,394,25C
2237,2239,830,4095,4095,395,25C
2236,2230,829,4095,4095,396,25C
2232,2232,830,4095,4095,397,25C
2238,2237,831,4095,4095,398,25C
2239,2239,830,4095,4095,399,25C
2238,2236,832,4095,4095,400,25C
2241,2243,832,4095,4095,401,25C
2239,2244,830,4095,4095,402,25C
2243,2241,832,4095,4095,403,25C
2246,2234,832,4095,4095,404,25C
2239,2240,831,4095,4095,405,25C
2235,2240,834,4095,4095,406,25C
2246,2245,831,4095,4095,407,25C
2244,2240,832,4095,4095,408,25C
2244,2239,834,4095,4095,409,25C
2242,2246,832,4095,4095,410,25C
2244,2241,835,4095,4095,411,25C
2240,2243,835,4095,4095,412,25C
2240,2246,833,4095,4095,413,25C
2246,2242,835,4095,4095,414,25C
2248,2251,835,4095,4095,415,25C
2244,2246,834,4095,4095,416,25C
2246,2249,837,4095,4095,417,25C
2245,2250,836,4095,4095,418,25C
2243,2252,835,4095,4095,419,25C
2251,2253,837,4095,4095,420,25C
2251,2247,835,4095,4095,421,25C
2243,2250,836,4095,4095,422,25C
2249,2250,838,4095,4095,423,25C
2251,2249,837,4095,4095,424,25C
2248,2249,838,4095,4095,425,25C
2250,2257,839,4095,4095,426,25C
2251,2254,836,4095,4095,427,25C
2249,2249,838,4095,4095,428,25C
2249,2258,840,4095,4095,429,25C
2252,2249,838,4095,4095,430,25C
2252,2251,840,4095,4095,431,25C
2256,2254,838,4095,4095,432,25C
2253,2255,837,4095,4095,433,25C
2253,2253,841,4095,4095,434,25C
2257,2251,840,4095,4095,435,25C
2260,2262,839,4095,4095,436,25C
2256,2257,841,4095,4095,437,25C
2255,2258,840,4095,4095,438,25C
2256,2255,840,4095,4095,439,25C
2257,2257,842,4095,4095,440,25C
2254,2254,841,4095,4095,441,25C
2254,2257,841,4095,4095,442,25C
2257,2260,843,4095,4095,443,25C
2250,2257,841,4095,4095,444,25C
2260,2257,843,4095,4095,445,25C
2258,2256,843,4095,4095,446,25C
2264,2263,841,4095,4095,447,25C
2266,2260,844,4095,4095,448,25C
2257,2261,843,4095,4095,449,25C
2258,2259,842,4095,4095,450,25C
2266,2266,845,4095,4095,451,25C
2265,2266,843,4095,4095,452,25C
2261,2264,844,4095,4095,453,25C
2259,2265,845,4095,4095,454,25C
2262,2265,843,4095,4095,455,25C
2262,2255,844,4095,4095,456,25C
2264,2264,847,4095,4095,457,25C
2263,2263,845,4095,4095,458,25C
2260,2259,846,4095,4095,459,25C
2257,2270,846,4095,4095,460,25C
2262,2260,845,4095,4095,461,25C
2266,2266,847,4095,4095,462,25C
2268,2264,847,4095,4095,463,25C
2266,2267,846,4095,4095,464,25C
2268,2256,848,4095,4095,465,25C
2269,2266,847,4095,4095,466,25C
2264,2264,847,4095,4095,467,25C
2267,2264,849,4095,4095,468,25C
2259,2272,848,4095,4095,469,25C
2270,2265,848,4095,4095,470,25C
2271,2265,850,4095,4095,471,25C
2265,2278,848,4095,4095,472,25C
2272,2268,850,4095,4095,473,25C
2264,2268,851,4095,4095,474,25C
2270,2273,849,4095,4095,475,25C
2265,2264,851,4095,4095,476,25C
2266,2267,851,4095,4095,477,25C
2276,2272,849,4095,4095,478,25C
2263,2271,852,4095,4095,479,25C
2271,2269,851,4095,4095,480,25C
2271,2270,850,4095,4095,481,25C
2271,2270,852,4095,4095,482,25C
2271,2268,851,4095,4095,483,25C
2268,2268,851,4095,4095,484,25C
2268,2275,852,4095,4095,485,25C
2274,2275,852,4095,4095,486,25C
2270,2272,853,4095,4095,487,25C
2279,2269,854,4095,4095,488,25C
2284,2276,852,4095,4095,489,25C
2274,2276,854,4095,4095,490,25C
2271,2266,854,4095,4095,491,25C
2274,2276,853,4095,4095,492,25C
2283,2282,855,4095,4095,493,25C
2277,2274,854,4095,4095,494,25C
2277,2278,854,4095,4095,495,25C
2279,2284,856,4095,4095,496,25C
2278,2277,855,4095,4095,497,25C
2277,2279,855,4095,4095,498,25C
2276,2272,857,4095,4095,499,25C
2277,2275,855,4095,4095,500,25C
2278,2275,856,4095,4095,501,25C
2277,2283,857,4095,4095,502,25C
2276,2277,855,4095,4095,503,25C
2280,2282,858,4095,4095,504,25C
2279,2275,858,4095,4095,505,25C
2278,2277,856,4095,4095,506,25C
2283,2282,858,4095,4095,507,25C
2280,2285,858,4095,4095,508,25C
2283,2282,857,4095,4095,509,25C
2279,2282,860,4095,4095,510,25C
2279,2283,858,4095,4095,511,25C
2278,2280,858,4095,4095,512,25C
2284,2288,860,4095,4095,513,25C
2287,2285,859,4095,4095,514,25C
2277,2284,859,4095,4095,515,25C
2283,2282,861,4095,4095,516,25C
2288,2284,859,4095,4095,517,25C
2286,2281,860,4095,4095,518,25C
2282,2284,861,4095,4095,519,25C
2289,2289,859,4095,4095,520,25C
2287,2285,862,4095,4095,521,25C
2284,2287,861,4095,4095,522,25C
2290,2290,860,4095,4095,523,25C
2290,2281,862,4095,4095,524,25C
2288,2286,862,4095,4095,525,25C
2298,2293,861,4095,4095,526,25C
2289,2282,863,4095,4095,527,25C
2283,2289,862,4095,4095,528,25C
2288,2287,862,4095,4095,529,25C
2284,2286,863,4095,4095,530,25C
2288,2290,862,4095,4095,531,25C
2295,2289,863,4095,4095,532,25C
2295,2285,865,4095,4095,533,25C
2290,2288,862,4095,4095,534,25C
2297,2287,864,4095,4095,535,25C
2294,2295,864,4095,4095,536,25C
2289,2300,862,4095,4095,537,25C
2290,2288,865,4095,4095,538,25C
2291,2293,864,4095,4095,539,25C
2297,2296,864,4095,4095,540,25C
2292,2289,866,4095,4095,541,25C
2298,2292,864,4095,4095,542,25C
2293,2292,865,4095,4095,543,25C
2296,2292,867,4095,4095,544,25C
2296,2300,865,4095,4095,545,25C
2294,2299,866,4095,4095,546,25C
2297,2295,867,4095,4095,547,25C
2290,2297,865,4095,4095,548,25C
2293,2297,867,4095,4095,549,25C
2295,2294,868,4095,4095,550,25C
2296,2296,866,4095,4095,551,25C
2298,2292,868,4095,4095,552,25C
2294,2295,868,4095,4095,553,25C
2293,2299,867,4095,4095,554,25C
2298,2300,870,4095,4095,555,25C
2300,2297,868,4095,4095,556,25C
2296,2301,868,4095,4095,557,25C
2297,2297,870,4095,4095,558,25C
2300,2297,868,4095,4095,559,25C
2296,2296,868,4095,4095,560,25C
2301,2302,871,4095,4095,561,25C
2298,2302,868,4095,4095,562,25C
2302,2303,871,4095,4095,563,25C
2305,2306,871,4095,4095,564,25C
2305,2305,870,4095,4095,565,25C
2301,2306,871,4095,4095,566,25C
2305,2297,870,4095,4095,567,25C
2300,2298,870,4095,4095,568,25C
2300,2300,872,4095,4095,569,25C
2306,2301,872,4095,4095,570,25C
2308,2306,871,4095,4095,571,25C
2299,2307,873,4095,4095,572,25C
2297,2305,871,4095,4095,573,25C
2312,2312,871,4095,4095,574,25C
2307,2307,873,4095,4095,575,25C
2306,2307,871,4095,4095,576,25C
2308,2308,872,4095,4095,577,25C
2306,2302,874,4095,4095,578,25C
2307,2308,871,4095,4095,579,25C
2303,2303,873,4095,4095,580,25C
2307,2308,875,4095,4095,581,25C
2309,2304,873,4095,4095,582,25C
2307,2303,875,4095,4095,583,25C
2309,2307,875,4095,4095,584,25C
2311,2308,873,4095,4095,585,25C
2312,2309,876,4095,4095,586,25C
2309,2308,874,4095,4095,587,25C
2313,2308,873,4095,4095,588,25C
2306,2309,877,4095,4095,589,25C
2311,2310,874,4095,4095,590,25C
2313,2315,875,4095,4095,591,25C
2310,2306,877,4095,4095,592,25C
2318,2318,875,4095,4095,593,25C
2313,2309,876,4095,4095,594,25C
2319,2311,877,4095,4095,595,25C
2309,2315,875,4095,4095,596,25C
2312,2316,878,4095,4095,597,25C
2314,2314,877,4095,4095,598,25C
2313,2318,877,4095,4095,599,25C
2315,2319,879,4095,4095,600,25C
2316,2317,879,4095,4095,601,25C
2320,2317,877,4095,4095,602,25C
2314,2316,880,4095,4095,603,25C
2316,2319,878,4095,4095,604,25C
2312,2318,879,4095,4095,605,25C
2316,2314,880,4095,4095,606,25C
2312,2316,878,4095,4095,607,25C
2314,2320,879,4095,4095,608,25C
2313,2314,880,4095,4095,609,25C
2316,2312,878,4095,4095,610,25C
2318,2316,881,4095,4095,611,25C
2308,2317,879,4095,4095,612,25C
2320,2318,878,4095,4095,613,25C
2320,2316,883,4095,4095,614,25C
2319,2318,880,4095,4095,615,25C
2316,2321,880,4095,4095,616,25C
2320,2320,882,4095,4095,617,25C
2318,2322,881,4095,4095,618,25C
2316,2320,880,4095,4095,619,25C
2321,2321,882,4095,4095,620,25C
2321,2318,881,4095,4095,621,25C
2317,2323,882,4095,4095,622,25C
2321,2313,883,4095,4095,623,25C
2320,2316,881,4095,4095,624,25C
2313,2322,883,4095,4095,625,25C
2316,2326,884,4095,4095,626,25C
2323,2323,881,4095,4095,627,25C
2323,2323,883,4095,4095,628,25C
2318,2320,884,4095,4095,629,25C
2325,2317,882,4095,4095,630,25C
2325,2328,885,4095,4095,631,25C
2324,2323,883,4095,4095,632,25C
2322,2324,883,4095,4095,633,25C
2326,2321,885,4095,4095,634,25C
2325,2322,884,4095,4095,635,25C
2325,2325,886,4095,4095,636,25C
2324,2321,885,4095,4095,637,25C
2319,2331,884,4095,4095,638,25C
2327,2323,884,4095,4095,639,25C
2323,2327,886,4095,4095,640,25C
2320,2323,884,4095,4095,641,25C
2317,2328,886,4095,4095,642,25C
2320,2323,886,4095,4095,643,25C
2318,2326,884,4095,4095,644,25C
2328,2326,887,4095,4095,645,25C
2326,2333,886,4095,4095,646,25C
2325,2328,884,4095,4095,647,25C
2326,2322,888,4095,4095,648,25C
2332,2326,885,4095,4095,649,25C
2328,2327,885,4095,4095,650,25C
2323,2324,886,4095,4095,651,25C
2322,2326,886,4095,4095,652,25C
2326,2330,886,4095,4095,653,25C
2327,2329,888,4095,4095,654,25C
2328,2328,885,4095,4095,655,25C
2323,2322,887,4095,4095,656,25C
2329,2330,887,4095,4095,657,25C
2322,2326,886,4095,4095,658,25C
2329,2328,888,4095,4095,659,25C
2329,2335,887,4095,4095,660,25C
2329,2321,886,4095,4095,661,25C
2324,2330,888,4095,4095,662,25C
2328,2325,887,4095,4095,663,25C
2334,2331,887,4095,4095,664,25C
2331,2326,890,4095,4095,665,25C
2329,2327,888,4095,4095,666,25C
2329,2331,888,4095,4095,667,25C
2326,2326,890,4095,4095,668,25C
2330,2329,888,4095,4095,669,25C
2330,2330,889,4095,4095,670,25C
2331,2326,890,4095,4095,671,25C
2333,2330,888,4095,4095,672,25C
2328,2328,891,4095,4095,673,25C
2335,2326,890,4095,4095,674,25C
2327,2328,889,4095,4095,675,25C
2329,2336,891,4095,4095,676,25C
2330,2335,890,4095,4095,677,25C
2328,2328,889,4095,4095,678,25C
2332,2337,892,4095,4095,679,25C
2330,2327,889,4095,4095,680,25C
2332,2332,890,4095,4095,681,25C
2332,2335,891,4095,4095,682,25C
2331,2327,890,4095,4095,683,25C
2330,2334,890,4095,4095,684,25C
2328,2329,892,4095,4095,685,25C
2327,2331,890,4095,4095,686,25C
2330,2326,892,4095,4095,687,25C
2324,2331,891,4095,4095,688,25C
2333,2330,891,4095,4095,689,25C
2331,2326,893,4095,4095,690,25C
2331,2331,891,4095,4095,691,25C
2330,2330,889,4095,4095,692,25C
2330,2332,892,4095,4095,693,25C
2333,2328,891,4095,4095,694,25C
2331,2329,891,4095,4095,695,25C
2330,2332,893,4095,4095,696,25C
2329,2334,891,4095,4095,697,25C
2332,2330,892,4095,4095,698,25C
2334,2332,893,4095,4095,699,25C
2341,2333,890,4095,4095,700,25C
2330,2333,892,4095,4095,701,25C
2331,2337,892,4095,4095,702,25C
2330,2335,890,4095,4095,703,25C
2332,2329,893,4095,4095,704,25C
2329,2337,892,4095,4095,705,25C
2333,2330,891,4095,4095,706,25C
2336,2328,893,4095,4095,707,25C
2336,2337,891,4095,4095,708,25C
2333,2330,891,4095,4095,709,25C
2336,2338,893,4095,4095,710,25C
2331,2338,891,4095,4095,711,25C
2335,2332,892,4095,4095,712,25C
2329,2334,894,4095,4095,713,25C
2332,2329,891,4095,4095,714,25C
2335,2326,892,4095,4095,715,25C
2341,2330,893,4095,4095,716,25C
2333,2337,892,4095,4095,717,25C
2334,2335,893,4095,4095,718,25C
2338,2334,894,4095,4095,719,25C
2330,2325,891,4095,4095,720,25C
2332,2339,894,4095,4095,721,25C
2328,2335,893,4095,4095,722,25C
2332,2329,891,4095,4095,723,25C
2339,2333,894,4095,4095,724,25C
2334,2336,892,4095,4095,725,25C
2338,2326,892,4095,4095,726,25C
2333,2329,894,4095,4095,727,25C
2330,2339,892,4095,4095,728,25C
2335,2337,893,4095,4095,729,25C
2338,2335,894,4095,4095,730,25C
2335,2333,892,4095,4095,731,25C
2333,2337,894,4095,4095,732,25C
2337,2331,894,4095,4095,733,25C
2335,2334,892,4095,4095,734,25C
2331,2334,896,4095,4095,735,25C
2331,2333,894,4095,4095,736,25C
2334,2339,893,4095,4095,737,25C
2334,2335,895,4095,4095,738,25C
2333,2338,893,4095,4095,739,25C
2338,2332,893,4095,4095,740,25C
2332,2336,895,4095,4095,741,25C
2333,2333,893,4095,4095,742,25C
2334,2333,894,4095,4095,743,25C
2332,2333,895,4095,4095,744,25C
2333,2333,893,4095,4095,745,25C
2333,2331,894,4095,4095,746,25C
2328,2334,894,4095,4095,747,25C
2333,2334,892,4095,4095,748,25C
2335,2335,895,4095,4095,749,25C
2334,2336,894,4095,4095,750,25C
2334,2332,892,4095,4095,751,25C
2329,2336,894,4095,4095,752,25C
2340,2335,893,4095,4095,753,25C
2334,2332,892,4095,4095,754,25C
2333,2339,895,4095,4095,755,25C
2335,2335,892,4095,4095,756,25C
2336,2336,892,4095,4095,757,25C
2339,2329,895,4095,4095,758,25C
2334,2338,893,4095,4095,759,25C
2337,2338,894,4095,4095,760,25C
2335,2335,895,4095,4095,761,25C
2337,2333,893,4095,4095,762,25C
2334,2335,894,4095,4095,763,25C
2332,2332,895,4095,4095,764,25C
2336,2334,893,4095,4095,765,25C
2335,2340,894,4095,4095,766,25C
2327,2335,894,4095,4095,767,25C
2328,2338,893,4095,4095,768,25C
2335,2333,895,4095,4095,769,25C
2336,2331,894,4095,4095,770,25C
2337,2331,893,4095,4095,771,25C
2331,2335,895,4095,4095,772,25C
2334,2324,893,4095,4095,773,25C
2335,2333,893,4095,4095,774,25C
2334,2339,895,4095,4095,775,25C
2335,2338,893,4095,4095,776,25C
2336,2330,894,4095,4095,777,25C
2334,2332,894,4095,4095,778,25C
2337,2335,891,4095,4095,779,25C
2334,2331,894,4095,4095,780,25C
2333,2331,894,4095,4095,781,25C
2333,2333,892,4095,4095,782,25C
2334,2332,895,4095,4095,783,25C
2334,2333,894,4095,4095,784,25C
2331,2336,893,4095,4095,785,25C
2334,2333,895,4095,4095,786,25C
2335,2336,893,4095,4095,787,25C
2329,2341,894,4095,4095,788,25C
2334,2333,894,4095,4095,789,25C
2333,2335,893,4095,4095,790,25C
2335,2332,895,4095,4095,791,25C
2335,2335,894,4095,4095,792,25C
2331,2327,892,4095,4095,793,25C
2332,2333,894,4095,4095,794,25C
2333,2328,894,4095,4095,795,25C
2335,2332,892,4095,4095,796,25C
2330,2336,895,4095,4095,797,25C
2329,2332,894,4095,4095,798,25C
2334,2338,893,4095,4095,799,25C
2331,2331,895,4095,4095,800,25C
2332,2337,893,4095,4095,801,25C
2332,2337,892,4095,4095,802,25C
2335,2331,894,4095,4095,803,25C
2331,2331,892,4095,4095,804,25C
2330,2331,892,4095,4095,805,25C
2335,2326,895,4095,4095,806,25C
2336,2330,892,4095,4095,807,25C
2327,2334,894,4095,4095,808,25C
2329,2330,893,4095,4095,809,25C
2336,2332,892,4095,4095,810,25C
2333,2332,894,4095,4095,811,25C
2331,2335,892,4095,4095,812,25C
2331,2330,892,4095,4095,813,25C
2333,2331,894,4095,4095,814,25C
2327,2330,893,4095,4095,815,25C
2332,2329,893,4095,4095,816,25C
2333,2334,894,4095,4095,817,25C
2332,2337,892,4095,4095,818,25C
2332,2334,892,4095,4095,819,25C
