V_rad_short,V_rad_tot,V_housing,V_diode,V_spike,cooling_flag_1,cooling_flag_2,time_index,condition
1549,1549,762,4095,4095,1,0,14,50
1552,1554,762,4095,4095,1,0,15,50
1550,1553,762,4095,4095,1,0,16,50
1548,1550,764,4095,4095,1,0,17,50
1555,1556,763,4095,4095,1,0,18,50
1553,1557,762,4095,4095,1,0,19,50
1557,1550,764,4095,4095,1,0,20,50
1553,1555,763,4095,4095,1,0,21,50
1552,1548,763,4095,4095,1,0,22,50
1553,1559,764,4095,4095,1,0,23,50
1550,1553,762,4095,4095,1,0,24,50
1549,1544,763,4095,4095,1,0,25,50
1556,1551,763,4095,4095,1,0,26,50
1547,1552,763,4095,4095,1,0,27,50
1552,1552,764,4095,4095,1,0,28,50
1553,1551,764,4095,4095,1,0,29,50
1554,1555,763,4095,4095,1,0,30,50
1552,1555,764,4095,4095,1,0,31,50
1550,1555,764,4095,4095,1,0,32,50
1554,1556,763,4095,4095,1,0,33,50
1553,1553,765,4095,4095,1,0,34,50
1558,1555,764,4095,4095,1,0,35,50
1554,1554,765,4095,4095,1,0,36,50
1553,1554,766,4095,4095,1,0,37,50
1559,1553,763,4095,4095,1,0,38,50
1558,1555,766,4095,4095,1,0,39,50
1553,1554,765,4095,4095,1,0,40,50
1558,1557,764,4095,4095,1,0,41,50
1559,1557,766,4095,4095,1,0,42,50
1556,1555,766,4095,4095,1,0,43,50
1556,1561,765,4095,4095,1,0,44,50
1556,1557,767,4095,4095,1,0,45,50
1551,1555,766,4095,4095,1,0,46,50
1550,1559,765,4095,4095,1,0,47,50
1556,1557,766,4095,4095,1,0,48,50
1562,1562,766,4095,4095,1,0,49,50
1558,1558,766,4095,4095,1,0,50,50
1558,1560,766,4095,4095,1,0,51,50
1566,1558,766,4095,4095,1,0,52,50
1558,1563,767,4095,4095,1,0,53,50
1559,1557,767,4095,4095,1,0,54,50
1562,1567,766,4095,4095,1,0,55,50
1561,1566,766,4095,4095,1,0,56,50
1565,1562,767,4095,4095,1,0,57,50
1560,1568,766,4095,4095,1,0,58,50
1565,1567,768,4095,4095,1,0,59,50
1563,1566,768,4095,4095,1,0,60,50
1563,1561,767,4095,4095,1,0,61,50
1559,1565,768,4095,4095,1,0,62,50
1560,1563,768,4095,4095,1,0,63,50
1562,1564,767,4095,4095,1,0,64,50
1565,1564,768,4095,4095,1,0,65,50
1567,1561,767,4095,4095,1,0,66,50
1566,1561,767,4095,4095,1,0,67,50
1563,1570,769,4095,4095,1,0,68,50
1564,1570,768,4095,4095,1,0,69,50
1563,1565,768,4095,4095,1,0,70,50
1564,1567,769,4095,4095,1,0,71,50
1567,1565,768,4095,4095,1,0,72,50
1566,1570,768,4095,4095,1,0,73,50
1568,1569,770,4095,4095,1,0,74,50
1568,1565,769,4095,4095,1,0,75,50
1566,1566,770,4095,4095,1,0,76,50
1570,1569,770,4095,4095,1,0,77,50
1569,1565,769,4095,4095,1,0,78,50
1565,1578,770,4095,4095,1,0,79,50
1570,1569,770,4095,4095,1,0,80,50
1570,1570,770,4095,4095,1,0,81,50
1571,1578,772,4095,4095,1,0,82,50
1567,1567,770,4095,4095,1,0,83,50
1574,1573,771,4095,4095,1,0,84,50
1574,1574,771,4095,4095,1,0,85,50
1576,1580,771,4095,4095,1,0,86,50
1572,1575,772,4095,4095,1,0,87,50
1572,1573,772,4095,4095,1,0,88,50
1576,1575,772,4095,4095,1,0,89,50
1578,1577,773,4095,4095,1,0,90,50
1576,1576,773,4095,4095,1,0,91,50
1578,1579,772,4095,4095,1,0,92,50
1575,1577,772,4095,4095,1,0,93,50
1580,1575,773,4095,4095,1,0,94,50
1577,1576,772,4095,4095,1,0,95,50
1578,1582,774,4095,4095,1,0,96,50
1581,1579,773,4095,4095,1,0,97,50
1576,1583,773,4095,4095,1,0,98,50
1580,1576,774,4095,4095,1,0,99,50
1582,1576,773,4095,4095,1,0,100,50
1578,1581,775,4095,4095,1,0,101,50
1580,1581,775,4095,4095,1,0,102,50
1580,1578,774,4095,4095,1,0,103,50
1577,1580,775,4095,4095,1,0,104,50
1585,1581,776,4095,4095,1,0,105,50
1578,1582,774,4095,4095,1,0,106,50
1580,1584,775,4095,4095,1,0,107,50
1586,1586,774,4095,4095,1,0,108,50
1578,1582,776,4095,4095,1,0,109,50
1583,1590,776,4095,4095,1,0,110,50
1588,1589,775,4095,4095,1,0,111,50
1586,1589,775,4095,4095,1,0,112,50
1585,1585,777,4095,4095,1,0,113,50
1589,1586,776,4095,4095,1,0,114,50
1591,1587,777,4095,4095,1,0,115,50
1592,1584,777,4095,4095,1,0,116,50
1585,1590,776,4095,4095,1,0,117,50
1589,1591,778,4095,4095,1,0,118,50
1590,1593,777,4095,4095,1,0,119,50
1591,1586,777,4095,4095,1,0,120,50
1593,1590,779,4095,4095,1,0,121,50
1590,1591,778,4095,4095,1,0,122,50
1593,1589,777,4095,4095,1,0,123,50
1593,1586,779,4095,4095,1,0,124,50
1597,1595,778,4095,4095,1,0,125,50
1587,1594,779,4095,4095,1,0,126,50
1589,1596,780,4095,4095,1,0,127,50
1594,1594,779,4095,4095,1,0,128,50
1594,1596,779,4095,4095,1,0,129,50
1599,1599,780,4095,4095,1,0,130,50
1595,1596,779,4095,4095,1,0,131,50
1600,1600,781,4095,4095,1,0,132,50
1599,1597,781,4095,4095,1,0,133,50
1590,1600,780,4095,4095,1,0,134,50
1599,1594,780,4095,4095,1,0,135,50
1596,1599,782,4095,4095,1,0,136,50
1598,1595,781,4095,4095,1,0,137,50
1597,1604,782,4095,4095,1,0,138,50
1603,1600,782,4095,4095,1,0,139,50
1601,1599,782,4095,4095,1,0,140,50
1605,1599,783,4095,4095,1,0,141,50
1604,1599,782,4095,4095,1,0,142,50
1594,1600,782,4095,4095,1,0,143,50
1600,1600,784,4095,4095,1,0,144,50
1599,1604,782,4095,4095,1,0,145,50
1603,1605,783,4095,4095,1,0,146,50
1600,1605,784,4095,4095,1,0,147,50
1606,1607,783,4095,4095,1,0,148,50
1605,1606,786,4095,4095,1,0,149,50
1606,1607,784,4095,4095,1,0,150,50
1607,1604,784,4095,4095,1,0,151,50
1608,1607,786,4095,4095,1,0,152,50
1607,1600,785,4095,4095,1,0,153,50
1609,1607,784,4095,4095,1,0,154,50
1608,1609,786,4095,4095,1,0,155,50
1613,1608,785,4095,4095,1,0,156,50
1611,1605,785,4095,4095,1,0,157,50
1611,1611,786,4095,4095,1,0,158,50
1613,1612,786,4095,4095,1,0,159,50
1614,1606,786,4095,4095,1,0,160,50
1610,1614,787,4095,4095,1,0,161,50
1612,1612,786,4095,4095,1,0,162,50
1612,1613,789,4095,4095,1,0,163,50
1616,1615,788,4095,4095,1,0,164,50
1613,1612,787,4095,4095,1,0,165,50
1617,1614,788,4095,4095,1,0,166,50
1613,1616,788,4095,4095,1,0,167,50
1623,1613,788,4095,4095,1,0,168,50
1615,1617,789,4095,4095,1,0,169,50
1616,1620,789,4095,4095,1,0,170,50
1612,1616,788,4095,4095,1,0,171,50
1621,1616,789,4095,4095,1,0,172,50
1616,1615,789,4095,4095,1,0,173,50
1618,1621,789,4095,4095,1,0,174,50
1621,1622,791,4095,4095,1,0,175,50
1622,1624,789,4095,4095,1,0,176,50
1625,1621,791,4095,4095,1,0,177,50
1620,1626,791,4095,4095,1,0,178,50
1626,1623,790,4095,4095,1,0,179,50
1625,1622,791,4095,4095,1,0,180,50
1627,1624,792,4095,4095,1,0,181,50
1627,1622,791,4095,4095,1,0,182,50
1627,1628,792,4095,4095,1,0,183,50
1629,1625,792,4095,4095,1,0,184,50
1627,1625,792,4095,4095,1,0,185,50
1630,1631,794,4095,4095,1,0,186,50
1625,1627,793,4095,4095,1,0,187,50
1633,1632,793,4095,4095,1,0,188,50
1630,1633,794,4095,4095,1,0,189,50
1625,1631,793,4095,4095,1,0,190,50
1629,1630,794,4095,4095,1,0,191,50
1633,1630,795,4095,4095,1,0,192,50
1638,1628,793,4095,4095,1,0,193,50
1631,1633,794,4095,4095,1,0,194,50
1627,1635,795,4095,4095,1,0,195,50
1626,1630,794,4095,4095,1,0,196,50
1632,1634,797,4095,4095,1,0,197,50
1635,1637,796,4095,4095,1,0,198,50
1637,1639,796,4095,4095,1,0,199,50
1632,1639,796,4095,4095,1,0,200,50
1636,1635,796,4095,4095,1,0,201,50
1639,1637,796,4095,4095,1,0,202,50
1637,1637,798,4095,4095,1,0,203,50
1637,1635,796,4095,4095,1,0,204,50
1637,1635,797,4095,4095,1,0,205,50
1640,1640,799,4095,4095,1,0,206,50
1637,1635,797,4095,4095,1,0,207,50
1645,1645,798,4095,4095,1,0,208,50
1646,1640,799,4095,4095,1,0,209,50
1641,1642,797,4095,4095,1,0,210,50
1644,1644,799,4095,4095,1,0,211,50
1641,1641,799,4095,4095,1,0,212,50
1641,1647,799,4095,4095,1,0,213,50
1641,1643,800,4095,4095,1,0,214,50
1646,1647,800,4095,4095,1,0,215,50
1648,1637,799,4095,4095,1,0,216,50
1636,1648,801,4095,4095,1,0,217,50
1645,1642,800,4095,4095,1,0,218,50
1648,1646,800,4095,4095,1,0,219,50
1650,1649,802,4095,4095,1,0,220,50
1644,1652,801,4095,4095,1,0,221,50
1648,1652,802,4095,4095,1,0,222,50
1652,1648,802,4095,4095,1,0,223,50
1649,1652,801,4095,4095,1,0,224,50
1650,1647,802,4095,4095,1,0,225,50
1646,1650,803,4095,4095,1,0,226,50
1655,1655,802,4095,4095,1,0,227,50
1656,1651,803,4095,4095,1,0,228,50
1650,1652,804,4095,4095,1,0,229,50
1656,1655,803,4095,4095,1,0,230,50
1651,1657,804,4095,4095,1,0,231,50
1655,1651,804,4095,4095,1,0,232,50
1657,1655,805,4095,4095,1,0,233,50
1656,1657,806,4095,4095,1,0,234,50
1656,1656,805,4095,4095,1,0,235,50
1660,1657,805,4095,4095,1,0,236,50
1654,1659,806,4095,4095,1,0,237,50
1659,1660,805,4095,4095,1,0,238,50
1660,1656,806,4095,4095,1,0,239,50
1659,1663,806,4095,4095,1,0,240,50
1655,1661,805,4095,4095,1,0,241,50
1661,1665,806,4095,4095,1,0,242,50
1660,1662,807,4095,4095,1,0,243,50
1663,1663,806,4095,4095,1,0,244,50
1662,1661,809,4095,4095,1,0,245,50
1663,1663,807,4095,4095,1,0,246,50
1658,1664,807,4095,4095,1,0,247,50
1670,1668,809,4095,4095,1,0,248,50
1665,1667,808,4095,4095,1,0,249,50
1668,1664,808,4095,4095,1,0,250,50
1668,1668,810,4095,4095,1,0,251,50
1669,1669,809,4095,4095,1,0,252,50
1663,1667,810,4095,4095,1,0,253,50
1663,1667,810,4095,4095,1,0,254,50
1672,1670,809,4095,4095,1,0,255,50
1666,1669,812,4095,4095,1,0,256,50
1673,1668,811,4095,4095,1,0,257,50
1671,1672,810,4095,4095,1,0,258,50
1671,1667,812,4095,4095,1,0,259,50
1669,1670,811,4095,4095,1,0,260,50
1673,1672,810,4095,4095,1,0,261,50
1671,1667,814,4095,4095,1,0,262,50
1676,1678,812,4095,4095,1,0,263,50
1675,1672,812,4095,4095,1,0,264,50
1678,1673,814,4095,4095,1,0,265,50
1675,1677,812,4095,4095,1,0,266,50
1672,1670,813,4095,4095,1,0,267,50
1673,1675,814,4095,4095,1,0,268,50
1677,1677,813,4095,4095,1,0,269,50
1673,1678,814,4095,4095,1,0,270,50
1675,1681,815,4095,4095,1,0,271,50
1680,1679,814,4095,4095,1,0,272,50
1681,1682,814,4095,4095,1,0,273,50
1682,1679,815,4095,4095,1,0,274,50
1681,1679,815,4095,4095,1,0,275,50
1679,1687,817,4095,4095,1,0,276,50
1688,1678,815,4095,4095,1,0,277,50
1686,1680,816,4095,4095,1,0,278,50
1685,1683,818,4095,4095,1,0,279,50
1682,1684,816,4095,4095,1,0,280,50
1687,1683,817,4095,4095,1,0,281,50
1688,1687,818,4095,4095,1,0,282,50
1686,1687,816,4095,4095,1,0,283,50
1691,1693,818,4095,4095,1,0,284,50
1689,1690,818,4095,4095,1,0,285,50
1686,1693,818,4095,4095,1,0,286,50
1692,1688,819,4095,4095,1,0,287,50
1692,1686,819,4095,4095,1,0,288,50
1691,1692,818,4095,4095,1,0,289,50
1695,1696,821,4095,4095,1,0,290,50
1695,1691,819,4095,4095,1,0,291,50
1691,1692,820,4095,4095,1,0,292,50
1689,1693,821,4095,4095,1,0,293,50
1690,1692,820,4095,4095,1,0,294,50
1696,1695,819,4095,4095,1,0,295,50
1693,1696,821,4095,4095,1,0,296,50
1695,1689,820,4095,4095,1,0,297,50
1692,1694,821,4095,4095,1,0,298,50
1693,1696,823,4095,4095,1,0,299,50
1694,1697,821,4095,4095,1,0,300,50
1699,1694,822,4095,4095,1,0,301,50
1694,1697,822,4095,4095,1,0,302,50
1702,1699,822,4095,4095,1,0,303,50
1699,1699,823,4095,4095,1,0,304,50
1694,1695,823,4095,4095,1,0,305,50
1697,1698,823,4095,4095,1,0,306,50
1702,1703,825,4095,4095,1,0,307,50
1698,1702,824,4095,4095,1,0,308,50
1709,1700,824,4095,4095,1,0,309,50
1702,1702,825,4095,4095,1,0,310,50
1699,1700,825,4095,4095,1,0,311,50
1705,1708,825,4095,4095,1,0,312,50
1707,1704,826,4095,4095,1,0,313,50
1704,1701,825,4095,4095,1,0,314,50
1707,1705,827,4095,4095,1,0,315,50
1701,1705,827,4095,4095,1,0,316,50
1709,1703,826,4095,4095,1,0,317,50
1700,1711,828,4095,4095,1,0,318,50
1710,1707,827,4095,4095,1,0,319,50
1709,1706,826,4095,4095,1,0,320,50
1710,1708,828,4095,4095,1,0,321,50
1706,1707,827,4095,4095,1,0,322,50
1708,1716,828,4095,4095,1,0,323,50
1715,1709,829,4095,4095,1,0,324,50
1713,1712,828,4095,4095,1,0,325,50
1709,1712,829,4095,4095,1,0,326,50
1708,1718,830,4095,4095,1,0,327,50
1712,1718,829,4095,4095,1,0,328,50
1715,1713,831,4095,4095,1,0,329,50
1715,1713,830,4095,4095,1,0,330,50
1718,1715,829,4095,4095,1,0,331,50
1712,1713,831,4095,4095,1,0,332,50
1715,1717,831,4095,4095,1,0,333,50
1722,1722,830,4095,4095,1,0,334,50
1719,1716,831,4095,4095,1,0,335,50
1717,1719,832,4095,4095,1,0,336,50
1718,1719,831,4095,4095,1,0,337,50
1719,1722,833,4095,4095,1,0,338,50
1724,1724,832,4095,4095,1,0,339,50
1718,1722,832,4095,4095,1,0,340,50
1723,1718,833,4095,4095,1,0,341,50
1720,1722,832,4095,4095,1,0,342,50
1722,1719,833,4095,4095,1,0,343,50
1725,1722,834,4095,4095,1,0,344,50
1723,1720,833,4095,4095,1,0,345,50
1722,1723,834,4095,4095,1,0,346,50
1726,1722,835,4095,4095,1,0,347,50
1724,1722,833,4095,4095,1,0,348,50
1723,1725,835,4095,4095,1,0,349,50
1723,1725,834,4095,4095,1,0,350,50
1727,1726,834,4095,4095,1,0,351,50
1727,1728,835,4095,4095,1,0,352,50
1729,1729,835,4095,4095,1,0,353,50
1729,1731,835,4095,4095,1,0,354,50
1728,1725,837,4095,4095,1,0,355,50
1727,1726,836,4095,4095,1,0,356,50
1729,1735,837,4095,4095,1,0,357,50
1729,1728,838,4095,4095,1,0,358,50
1731,1731,836,4095,4095,1,0,359,50
1732,1731,838,4095,4095,1,0,360,50
1729,1735,839,4095,4095,1,0,361,50
1733,1731,838,4095,4095,1,0,362,50
1734,1729,839,4095,4095,1,0,363,50
1733,1735,839,4095,4095,1,0,364,50
1732,1732,838,4095,4095,1,0,365,50
1734,1737,841,4095,4095,1,0,366,50
1735,1741,839,4095,4095,1,0,367,50
1737,1734,839,4095,4095,1,0,368,50
1738,1738,841,4095,4095,1,0,369,50
1735,1742,839,4095,4095,1,0,370,50
1739,1736,840,4095,4095,1,0,371,50
1747,1741,842,4095,4095,1,0,372,50
1739,1737,841,4095,4095,1,0,373,50
1736,1740,841,4095,4095,1,0,374,50
1740,1745,843,4095,4095,1,0,375,50
1739,1745,841,4095,4095,1,0,376,50
1736,1744,842,4095,4095,1,0,377,50
1742,1746,843,4095,4095,1,0,378,50
1740,1747,842,4095,4095,1,0,379,50
1745,1743,844,4095,4095,1,0,380,50
1746,1743,842,4095,4095,1,0,381,50
1745,1742,842,4095,4095,1,0,382,50
1741,1745,844,4095,4095,1,0,383,50
1744,1750,843,4095,4095,1,0,384,50
1747,1749,844,4095,4095,1,0,385,50
1745,1746,845,4095,4095,1,0,386,50
1750,1750,844,4095,4095,1,0,387,50
1747,1747,845,4095,4095,1,0,388,50
1751,1752,846,4095,4095,1,0,389,50
1748,1746,844,4095,4095,1,0,390,50
1747,1756,847,4095,4095,1,0,391,50
1747,1749,846,4095,4095,1,0,392,50
1751,1748,845,4095,4095,1,0,393,50
1752,1747,848,4095,4095,1,0,394,50
1748,1747,847,4095,4095,1,0,395,50
1753,1756,847,4095,4095,1,0,396,50
1751,1754,849,4095,4095,1,0,397,50
1751,1753,848,4095,4095,1,0,398,50
1758,1752,849,4095,4095,1,0,399,50
1752,1749,850,4095,4095,1,0,400,50
1753,1755,848,4095,4095,1,0,401,50
1754,1757,848,4095,4095,1,0,402,50
1757,1756,850,4095,4095,1,0,403,50
1753,1762,848,4095,4095,1,0,404,50
1755,1758,850,4095,4095,1,0,405,50
1755,1756,850,4095,4095,1,0,406,50
1760,1761,849,4095,4095,1,0,407,50
1759,1758,851,4095,4095,1,0,408,50
1760,1763,851,4095,4095,1,0,409,50
1757,1753,851,4095,4095,1,0,410,50
1761,1758,852,4095,4095,1,0,411,50
1762,1760,852,4095,4095,1,0,412,50
1764,1763,851,4095,4095,1,0,413,50
1761,1765,852,4095,4095,1,0,414,50
1766,1760,852,4095,4095,1,0,415,50
1767,1764,852,4095,4095,1,0,416,50
1762,1763,854,4095,4095,1,0,417,50
1766,1766,852,4095,4095,1,0,418,50
1767,1763,853,4095,4095,1,0,419,50
1766,1769,855,4095,4095,1,0,420,50
1764,1769,853,4095,4095,1,0,421,50
1762,1770,855,4095,4095,1,0,422,50
1768,1766,855,4095,4095,1,0,423,50
1767,1768,854,4095,4095,1,0,424,50
1770,1768,856,4095,4095,1,0,425,50
1777,1768,855,4095,4095,1,0,426,50
1767,1773,854,4095,4095,1,0,427,50
1768,1763,857,4095,4095,1,0,428,50
1773,1769,856,4095,4095,1,0,429,50
1768,1772,856,4095,4095,1,0,430,50
1771,1772,858,4095,4095,1,0,431,50
1774,1768,856,4095,4095,1,0,432,50
1774,1772,857,4095,4095,1,0,433,50
1774,1772,859,4095,4095,1,0,434,50
1774,1775,857,4095,4095,1,0,435,50
1776,1772,858,4095,4095,1,0,436,50
1776,1775,859,4095,4095,1,0,437,50
1773,1771,857,4095,4095,1,0,438,50
1773,1780,860,4095,4095,1,0,439,50
1776,1775,859,4095,4095,1,0,440,50
1771,1778,858,4095,4095,1,0,441,50
1780,1774,861,4095,4095,1,0,442,50
1782,1777,860,4095,4095,1,0,443,50
1776,1778,860,4095,4095,1,0,444,50
1778,1786,861,4095,4095,1,0,445,50
1777,1782,861,4095,4095,1,0,446,50
1782,1781,861,4095,4095,1,0,447,50
1785,1781,862,4095,4095,1,0,448,50
1783,1777,860,4095,4095,1,0,449,50
1781,1784,861,4095,4095,1,0,450,50
1782,1777,863,4095,4095,1,0,451,50
1780,1781,861,4095,4095,1,0,452,50
1786,1786,864,4095,4095,1,0,453,50
1779,1784,864,4095,4095,1,0,454,50
1784,1786,862,4095,4095,1,0,455,50
1787,1783,864,4095,4095,1,0,456,50
1781,1785,863,4095,4095,1,0,457,50
1787,1782,863,4095,4095,1,0,458,50
1783,1787,865,4095,4095,1,0,459,50
1788,1785,864,4095,4095,1,0,460,50
1790,1789,864,4095,4095,1,0,461,50
1789,1782,866,4095,4095,1,0,462,50
1787,1789,864,4095,4095,1,0,463,50
1790,1787,865,4095,4095,1,0,464,50
1788,1787,867,4095,4095,1,0,465,50
1791,1796,865,4095,4095,1,0,466,50
1794,1792,867,4095,4095,1,0,467,50
1790,1792,867,4095,4095,1,0,468,50
1792,1793,865,4095,4095,1,0,469,50
1796,1794,869,4095,4095,1,0,470,50
1793,1799,867,4095,4095,1,0,471,50
1795,1797,867,4095,4095,1,0,472,50
1798,1797,869,4095,4095,1,0,473,50
1793,1791,868,4095,4095,1,0,474,50
1797,1797,868,4095,4095,1,0,475,50
1794,1796,870,4095,4095,1,0,476,50
1797,1800,868,4095,4095,1,0,477,50
1792,1793,869,4095,4095,1,0,478,50
1802,1794,870,4095,4095,1,0,479,50
1802,1798,869,4095,4095,1,0,480,50
1801,1799,870,4095,4095,1,0,481,50
1799,1803,871,4095,4095,1,0,482,50
1799,1800,869,4095,4095,1,0,483,50
1798,1799,871,4095,4095,1,0,484,50
1799,1799,871,4095,4095,1,0,485,50
1798,1799,871,4095,4095,1,0,486,50
1800,1803,872,4095,4095,1,0,487,50
1802,1804,872,4095,4095,1,0,488,50
1801,1802,872,4095,4095,1,0,489,50
1800,1805,874,4095,4095,1,0,490,50
1802,1801,873,4095,4095,1,0,491,50
1803,1806,873,4095,4095,1,0,492,50
1805,1809,874,4095,4095,1,0,493,50
1806,1806,872,4095,4095,1,0,494,50
1811,1804,873,4095,4095,1,0,495,50
1808,1809,875,4095,4095,1,0,496,50
1809,1805,874,4095,4095,1,0,497,50
1805,1798,874,4095,4095,1,0,498,50
1808,1806,876,4095,4095,1,0,499,50
1806,1806,874,4095,4095,1,0,500,50
1808,1810,876,4095,4095,1,0,501,50
1810,1809,876,4095,4095,1,0,502,50
1816,1813,875,4095,4095,1,0,503,50
1808,1814,877,4095,4095,1,0,504,50
1816,1809,876,4095,4095,1,0,505,50
1810,1808,876,4095,4095,1,0,506,50
1817,1818,878,4095,4095,1,0,507,50
1812,1809,876,4095,4095,1,0,508,50
1814,1810,876,4095,4095,1,0,509,50
1814,1812,879,4095,4095,1,0,510,50
1816,1813,876,4095,4095,1,0,511,50
1813,1818,878,4095,4095,1,0,512,50
1820,1815,879,4095,4095,1,0,513,50
1817,1813,877,4095,4095,1,0,514,50
1818,1818,880,4095,4095,1,0,515,50
1817,1818,879,4095,4095,1,0,516,50
1816,1821,878,4095,4095,1,0,517,50
1815,1818,881,4095,4095,1,0,518,50
1821,1818,880,4095,4095,1,0,519,50
1820,1823,879,4095,4095,1,0,520,50
1819,1823,882,4095,4095,1,0,521,50
1820,1821,880,4095,4095,1,0,522,50
1823,1821,880,4095,4095,1,0,523,50
1816,1831,882,4095,4095,1,0,524,50
1825,1824,880,4095,4095,1,0,525,50
1826,1820,882,4095,4095,1,0,526,50
1824,1828,882,4095,4095,1,0,527,50
1825,1825,881,4095,4095,1,0,528,50
1826,1821,883,4095,4095,1,0,529,50
1824,1830,883,4095,4095,1,0,530,50
1824,1828,882,4095,4095,1,0,531,50
1825,1826,883,4095,4095,1,0,532,50
1827,1826,883,4095,4095,1,0,533,50
1830,1825,882,4095,4095,1,0,534,50
1824,1825,885,4095,4095,1,0,535,50
1830,1830,883,4095,4095,1,0,536,50
1827,1827,883,4095,4095,1,0,537,50
1821,1825,886,4095,4095,1,0,538,50
1825,1832,884,4095,4095,1,0,539,50
1828,1828,886,4095,4095,1,0,540,50
1831,1829,886,4095,4095,1,0,541,50
1832,1832,884,4095,4095,1,0,542,50
1831,1828,887,4095,4095,1,0,543,50
1831,1831,886,4095,4095,1,0,544,50
1830,1830,885,4095,4095,1,0,545,50
1830,1832,887,4095,4095,1,0,546,50
1836,1828,887,4095,4095,1,0,547,50
1832,1829,886,4095,4095,1,0,548,50
1833,1832,888,4095,4095,1,0,549,50
1833,1831,887,4095,4095,1,0,550,50
1831,1834,887,4095,4095,1,0,551,50
1834,1833,889,4095,4095,1,0,552,50
1835,1834,888,4095,4095,1,0,553,50
1835,1835,888,4095,4095,1,0,554,50
1839,1834,890,4095,4095,1,0,555,50
1837,1839,888,4095,4095,1,0,556,50
1837,1838,890,4095,4095,1,0,557,50
1835,1837,890,4095,4095,1,0,558,50
1840,1838,888,4095,4095,1,0,559,50
1839,1836,891,4095,4095,1,0,560,50
1838,1839,891,4095,4095,1,0,561,50
1841,1842,890,4095,4095,1,0,562,50
1839,1840,892,4095,4095,1,0,563,50
1837,1839,890,4095,4095,1,0,564,50
1838,1842,891,4095,4095,1,0,565,50
1844,1836,892,4095,4095,1,0,566,50
1846,1844,892,4095,4095,1,0,567,50
1841,1842,892,4095,4095,1,0,568,50
1844,1840,894,4095,4095,1,0,569,50
1842,1845,892,4095,4095,1,0,570,50
1842,1840,893,4095,4095,1,0,571,50
1842,1842,894,4095,4095,1,0,572,50
1846,1843,893,4095,4095,1,0,573,50
1844,1846,894,4095,4095,1,0,574,50
1849,1841,895,4095,4095,1,0,575,50
1848,1848,893,4095,4095,1,0,576,50
1849,1851,896,4095,4095,1,0,577,50
1844,1850,894,4095,4095,1,0,578,50
1847,1849,895,4095,4095,1,0,579,50
1848,1849,897,4095,4095,1,0,580,50
1846,1846,894,4095,4095,1,0,581,50
1845,1847,895,4095,4095,1,0,582,50
1850,1850,897,4095,4095,1,0,583,50
1850,1847,895,4095,4095,1,0,584,50
1850,1846,895,4095,4095,1,0,585,50
1850,1849,898,4095,4095,1,0,586,50
1851,1852,896,4095,4095,1,0,587,50
1852,1850,897,4095,4095,1,0,588,50
1852,1858,899,4095,4095,1,0,589,50
1853,1853,896,4095,4095,1,0,590,50
1854,1853,899,4095,4095,1,0,591,50
1852,1851,897,4095,4095,1,0,592,50
1851,1856,897,4095,4095,1,0,593,50
1854,1856,899,4095,4095,1,0,594,50
1852,1854,899,4095,4095,1,0,595,50
1859,1853,898,4095,4095,1,0,596,50
1857,1854,900,4095,4095,1,0,597,50
1858,1853,898,4095,4095,1,0,598,50
1860,1854,899,4095,4095,1,0,599,50
1857,1852,901,4095,4095,1,0,600,50
1857,1858,899,4095,4095,1,0,601,50
1859,1856,900,4095,4095,1,0,602,50
1856,1860,901,4095,4095,1,0,603,50
1858,1863,900,4095,4095,1,0,604,50
1860,1860,902,4095,4095,1,0,605,50
1861,1863,901,4095,4095,1,0,606,50
1862,1863,901,4095,4095,1,0,607,50
1861,1860,903,4095,4095,1,0,608,50
1861,1861,903,4095,4095,1,0,609,50
1861,1862,901,4095,4095,1,0,610,50
1861,1863,904,4095,4095,1,0,611,50
1864,1860,903,4095,4095,1,0,612,50
1862,1865,903,4095,4095,1,0,613,50
1862,1861,904,4095,4095,1,0,614,50
1865,1862,902,4095,4095,1,0,615,50
1865,1864,903,4095,4095,1,0,616,50
1861,1861,905,4095,4095,1,0,617,50
1868,1865,903,4095,4095,1,0,618,50
1868,1865,906,4095,4095,1,0,619,50
1866,1867,906,4095,4095,1,0,620,50
1868,1875,904,4095,4095,1,0,621,50
1866,1863,906,4095,4095,1,0,622,50
1864,1864,905,4095,4095,1,0,623,50
1867,1870,905,4095,4095,1,0,624,50
1867,1869,907,4095,4095,1,0,625,50
1871,1865,906,4095,4095,1,0,626,50
1872,1870,906,4095,4095,1,0,627,50
1869,1867,908,4095,4095,1,0,628,50
1875,1869,906,4095,4095,1,0,629,50
1866,1871,907,4095,4095,1,0,630,50
1869,1872,908,4095,4095,1,0,631,50
1871,1872,907,4095,4095,1,0,632,50
1870,1870,909,4095,4095,1,0,633,50
1872,1867,909,4095,4095,1,0,634,50
1874,1879,908,4095,4095,1,0,635,50
1877,1874,909,4095,4095,1,0,636,50
1871,1872,908,4095,4095,1,0,637,50
1876,1877,908,4095,4095,1,0,638,50
1875,1872,910,4095,4095,1,0,639,50
1874,1868,909,4095,4095,1,0,640,50
1876,1873,909,4095,4095,1,0,641,50
1873,1874,911,4095,4095,1,0,642,50
1877,1877,910,4095,4095,1,0,643,50
1877,1876,910,4095,4095,1,0,644,50
1876,1872,913,4095,4095,1,0,645,50
1876,1875,910,4095,4095,1,0,646,50
1874,1873,911,4095,4095,1,0,647,50
1875,1878,912,4095,4095,1,0,648,50
1877,1875,910,4095,4095,1,0,649,50
1874,1874,913,4095,4095,1,0,650,50
1879,1876,912,4095,4095,1,0,651,50
1881,1873,911,4095,4095,1,0,652,50
1879,1877,914,4095,4095,1,0,653,50
1879,1875,912,4095,4095,1,0,654,50
1880,1875,912,4095,4095,1,0,655,50
1879,1880,915,4095,4095,1,0,656,50
1880,1881,913,4095,4095,1,0,657,50
1882,1879,913,4095,4095,1,0,658,50
1880,1881,915,4095,4095,1,0,659,50
1881,1883,914,4095,4095,1,0,660,50
1884,1883,914,4095,4095,1,0,661,50
1886,1878,915,4095,4095,1,0,662,50
1883,1881,914,4095,4095,1,0,663,50
1886,1885,914,4095,4095,1,0,664,50
1886,1888,916,4095,4095,1,0,665,50
1886,1888,914,4095,4095,1,0,666,50
1883,1888,917,4095,4095,1,0,667,50
1882,1887,915,4095,4095,1,0,668,50
1885,1886,914,4095,4095,1,0,669,50
1885,1889,918,4095,4095,1,0,670,50
1886,1886,916,4095,4095,1,0,671,50
1883,1888,916,4095,4095,1,0,672,50
1887,1887,918,4095,4095,1,0,673,50
1889,1885,916,4095,4095,1,0,674,50
1885,1887,917,4095,4095,1,0,675,50
1889,1894,919,4095,4095,1,0,676,50
1889,1888,917,4095,4095,1,0,677,50
1886,1887,919,4095,4095,1,0,678,50
1886,1888,919,4095,4095,1,0,679,50
1889,1889,917,4095,4095,1,0,680,50
1887,1888,919,4095,4095,1,0,681,50
1891,1886,919,4095,4095,1,0,682,50
1887,1888,918,4095,4095,1,0,683,50
1891,1891,920,4095,4095,1,0,684,50
1905,1906,924,4095,4095,1,0,685,50
1905,1900,926,4095,4095,1,0,686,50
1907,1906,927,4095,4095,1,0,687,50
1900,1903,925,4095,4095,1,0,688,50
1908,1906,927,4095,4095,1,0,689,50
1902,1907,928,4095,4095,1,0,690,50
1899,1903,926,4095,4095,1,0,691,50
1904,1905,928,4095,4095,1,0,692,50
1908,1903,928,4095,4095,1,0,693,50
1904,1907,926,4095,4095,1,0,694,50
1902,1901,929,4095,4095,1,0,695,50
1909,1906,927,4095,4095,1,0,696,50
1905,1905,927,4095,4095,1,0,697,50
1906,1908,929,4095,4095,1,0,698,50
1901,1909,927,4095,4095,1,0,699,50
1909,1907,927,4095,4095,1,0,700,50
1908,1908,930,4095,4095,1,0,701,50
1911,1908,927,4095,4095,1,0,702,50
1909,1910,928,4095,4095,1,0,703,50
1907,1907,930,4095,4095,1,0,704,50
1911,1908,928,4095,4095,1,0,705,50
1909,1909,930,4095,4095,1,0,706,50
1907,1904,930,4095,4095,1,0,707,50
1904,1910,928,4095,4095,1,0,708,50
1907,1910,932,4095,4095,1,0,709,50
1908,1907,930,4095,4095,1,0,710,50
1909,1906,929,4095,4095,1,0,711,50
1910,1910,932,4095,4095,1,0,712,50
1908,1912,930,4095,4095,1,0,713,50
1910,1909,930,4095,4095,1,0,714,50
1910,1910,933,4095,4095,1,0,715,50
1912,1913,930,4095,4095,1,0,716,50
1910,1911,932,4095,4095,1,0,717,50
1909,1911,933,4095,4095,1,0,718,50
1913,1912,931,4095,4095,1,0,719,50
1913,1912,932,4095,4095,1,0,720,50
1912,1911,933,4095,4095,1,0,721,50
1913,1915,931,4095,4095,1,0,722,50
1911,1915,933,4095,4095,1,0,723,50
1913,1908,933,4095,4095,1,0,724,50
1914,1912,931,4095,4095,1,0,725,50
1914,1914,934,4095,4095,1,0,726,50
1913,1912,932,4095,4095,1,0,727,50
1915,1915,932,4095,4095,1,0,728,50
1915,1915,934,4095,4095,1,0,729,50
1912,1912,933,4095,4095,1,0,730,50
1912,1909,933,4095,4095,1,0,731,50
1912,1916,934,4095,4095,1,0,732,50
1916,1918,933,4095,4095,1,0,733,50
1911,1917,935,4095,4095,1,0,734,50
1916,1912,934,4095,4095,1,0,735,50
1915,1915,933,4095,4095,1,0,736,50
1912,1913,934,4095,4095,1,0,737,50
1915,1911,934,4095,4095,1,0,738,50
1913,1919,933,4095,4095,1,0,739,50
1913,1916,935,4095,4095,1,0,740,50
1915,1919,934,4095,4095,1,0,741,50
1914,1914,934,4095,4095,1,0,742,50
1916,1920,936,4095,4095,1,0,743,50
1919,1914,934,4095,4095,1,0,744,50
1918,1914,934,4095,4095,1,0,745,50
1917,1915,936,4095,4095,1,0,746,50
1919,1915,934,4095,4095,1,0,747,50
1914,1917,936,4095,4095,1,0,748,50
1917,1916,936,4095,4095,1,0,749,50
1917,1920,935,4095,4095,1,0,750,50
1919,1917,936,4095,4095,1,0,751,50
1915,1921,936,4095,4095,1,0,752,50
1918,1919,934,4095,4095,1,0,753,50
1917,1918,938,4095,4095,1,0,754,50
1920,1916,936,4095,4095,1,0,755,50
1918,1920,935,4095,4095,1,0,756,50
1917,1919,938,4095,4095,1,0,757,50
1917,1917,936,4095,4095,1,0,758,50
1920,1918,935,4095,4095,1,0,759,50
1918,1917,937,4095,4095,1,0,760,50
1919,1918,935,4095,4095,1,0,761,50
1918,1919,936,4095,4095,1,0,762,50
1919,1922,938,4095,4095,1,0,763,50
1923,1920,935,4095,4095,1,0,764,50
1916,1919,937,4095,4095,1,0,765,50
1921,1923,937,4095,4095,1,0,766,50
1920,1920,935,4095,4095,1,0,767,50
1917,1922,938,4095,4095,1,0,768,50
1924,1920,938,4095,4095,1,0,769,50
1919,1919,936,4095,4095,1,0,770,50
1919,1918,939,4095,4095,1,0,771,50
1922,1922,936,4095,4095,1,0,772,50
1918,1912,937,4095,4095,1,0,773,50
1917,1923,939,4095,4095,1,0,774,50
1920,1921,937,4095,4095,1,0,775,50
1923,1921,938,4095,4095,1,0,776,50
1920,1916,939,4095,4095,1,0,777,50
1918,1920,937,4095,4095,1,0,778,50
1918,1922,939,4095,4095,1,0,779,50
1917,1919,939,4095,4095,1,0,780,50
2024,2026,751,4095,4095,0,0,0,open
2029,2030,750,4095,4095,0,0,1,open
2030,2024,749,4095,4095,0,0,2,open
2020,2032,749,4095,4095,0,0,3,open
2024,2027,751,4095,4095,0,0,4,open
2031,2025,751,4095,4095,0,0,5,open
2031,2027,750,4095,4095,0,0,6,open
2029,2026,750,4095,4095,0,0,7,open
2033,2022,751,4095,4095,0,0,8,open
2023,2030,751,4095,4095,0,0,9,open
2025,2029,750,4095,4095,0,0,10,open
2029,2028,751,4095,4095,0,0,11,open
2031,2027,752,4095,4095,0,0,12,open
2027,2025,751,4095,4095,0,0,13,open
2028,2027,752,4095,4095,0,0,14,open
2028,2026,752,4095,4095,0,0,15,open
2028,2028,751,4095,4095,0,0,16,open
2027,2026,752,4095,4095,0,0,17,open
2022,2029,752,4095,4095,0,0,18,open
2029,2030,750,4095,4095,0,0,19,open
2029,2033,753,4095,4095,0,0,20,open
2029,2030,752,4095,4095,0,0,21,open
2028,2032,751,4095,4095,0,0,22,open
2030,2028,753,4095,4095,0,0,23,open
2022,2030,752,4095,4095,0,0,24,open
2026,2025,751,4095,4095,0,0,25,open
2025,2024,753,4095,4095,0,0,26,open
2023,2030,751,4095,4095,0,0,27,open
2023,2035,752,4095,4095,0,0,28,open
2031,2024,753,4095,4095,0,0,29,open
2023,2026,752,4095,4095,0,0,30,open
2028,2025,754,4095,4095,0,0,31,open
2026,2028,752,4095,4095,0,0,32,open
2028,2031,752,4095,4095,0,0,33,open
2027,2023,752,4095,4095,0,0,34,open
2027,2033,752,4095,4095,0,0,35,open
2022,2026,752,4095,4095,0,0,36,open
2030,2032,753,4095,4095,0,0,37,open
2024,2025,753,4095,4095,0,0,38,open
2027,2034,753,4095,4095,0,0,39,open
2023,2033,755,4095,4095,0,0,40,open
2027,2029,753,4095,4095,0,0,41,open
2026,2031,754,4095,4095,0,0,42,open
2029,2023,754,4095,4095,0,0,43,open
2026,2028,753,4095,4095,0,0,44,open
2026,2033,753,4095,4095,0,0,45,open
2021,2027,754,4095,4095,0,0,46,open
2028,2028,753,4095,4095,0,0,47,open
2032,2023,754,4095,4095,0,0,48,open
2020,2026,753,4095,4095,0,0,49,open
2030,2030,753,4095,4095,0,0,50,open
2027,2025,755,4095,4095,0,0,51,open
2031,2030,754,4095,4095,0,0,52,open
2027,2026,753,4095,4095,0,0,53,open
2022,2035,754,4095,4095,0,0,54,open
2030,2028,754,4095,4095,0,0,55,open
2025,2029,753,4095,4095,0,0,56,open
2022,2027,755,4095,4095,0,0,57,open
2025,2027,754,4095,4095,0,0,58,open
2023,2027,756,4095,4095,0,0,59,open
2031,2024,755,4095,4095,0,0,60,open
2027,2027,754,4095,4095,0,0,61,open
2031,2028,754,4095,4095,0,0,62,open
2027,2031,754,4095,4095,0,0,63,open
2029,2026,754,4095,4095,0,0,64,open
2027,2026,755,4095,4095,0,0,65,open
2023,2028,755,4095,4095,0,0,66,open
2030,2030,753,4095,4095,0,0,67,open
2029,2031,756,4095,4095,0,0,68,open
2028,2027,755,4095,4095,0,0,69,open
2031,2026,755,4095,4095,0,0,70,open
2026,2025,755,4095,4095,0,0,71,open
2027,2029,755,4095,4095,0,0,72,open
2030,2032,754,4095,4095,0,0,73,open
2026,2030,756,4095,4095,0,0,74,open
2027,2032,755,4095,4095,0,0,75,open
2028,2028,756,4095,4095,0,0,76,open
2028,2027,756,4095,4095,0,0,77,open
2027,2024,755,4095,4095,0,0,78,open
2018,2025,756,4095,4095,0,0,79,open
2024,2026,756,4095,4095,0,0,80,open
2029,2029,755,4095,4095,0,0,81,open
2029,2030,756,4095,4095,0,0,82,open
2025,2031,756,4095,4095,0,0,83,open
2023,2030,756,4095,4095,0,0,84,open
2029,2030,756,4095,4095,0,0,85,open
2027,2028,756,4095,4095,0,0,86,open
2023,2023,756,4095,4095,0,0,87,open
2029,2029,757,4095,4095,0,0,88,open
2029,2025,756,4095,4095,0,0,89,open
2030,2029,756,4095,4095,0,0,90,open
2022,2029,757,4095,4095,0,0,91,open
2032,2025,756,4095,4095,0,0,92,open
2025,2026,758,4095,4095,0,0,93,open
2023,2021,757,4095,4095,0,0,94,open
2023,2022,757,4095,4095,0,0,95,open
2026,2027,757,4095,4095,0,0,96,open
2027,2027,756,4095,4095,0,0,97,open
2029,2028,757,4095,4095,0,0,98,open
2025,2032,757,4095,4095,0,0,99,open
2030,2032,757,4095,4095,0,0,100,open
2024,2026,758,4095,4095,0,0,101,open
2029,2032,758,4095,4095,0,0,102,open
2028,2029,756,4095,4095,0,0,103,open
2024,2022,758,4095,4095,0,0,104,open
2027,2026,758,4095,4095,0,0,105,open
2028,2028,757,4095,4095,0,0,106,open
2028,2027,759,4095,4095,0,0,107,open
2025,2029,758,4095,4095,0,0,108,open
2028,2025,757,4095,4095,0,0,109,open
2025,2029,758,4095,4095,0,0,110,open
2025,2028,758,4095,4095,0,0,111,open
2022,2024,757,4095,4095,0,0,112,open
2030,2029,759,4095,4095,0,0,113,open
2028,2028,758,4095,4095,0,0,114,open
2024,2026,758,4095,4095,0,0,115,open
2025,2025,759,4095,4095,0,0,116,open
2033,2027,758,4095,4095,0,0,117,open
2024,2034,759,4095,4095,0,0,118,open
2023,2027,758,4095,4095,0,0,119,open
2030,2029,757,4095,4095,0,0,120,open
2022,2025,758,4095,4095,0,0,121,open
2027,2028,759,4095,4095,0,0,122,open
2025,2028,758,4095,4095,0,0,123,open
2024,2033,760,4095,4095,0,0,124,open
2023,2027,759,4095,4095,0,0,125,open
2027,2023,758,4095,4095,0,0,126,open
2029,2027,759,4095,4095,0,0,127,open
2021,2033,758,4095,4095,0,0,128,open
2021,2027,758,4095,4095,0,0,129,open
2027,2023,759,4095,4095,0,0,130,open
2030,2029,758,4095,4095,0,0,131,open
2028,2026,759,4095,4095,0,0,132,open
2027,2030,760,4095,4095,0,0,133,open
2026,2026,758,4095,4095,0,0,134,open
2021,2026,759,4095,4095,0,0,135,open
2028,2025,760,4095,4095,0,0,136,open
2031,2030,758,4095,4095,0,0,137,open
2025,2025,760,4095,4095,0,0,138,open
2025,2030,759,4095,4095,0,0,139,open
2031,2028,758,4095,4095,0,0,140,open
2026,2026,760,4095,4095,0,0,141,open
2026,2027,760,4095,4095,0,0,142,open
2023,2034,758,4095,4095,0,0,143,open
2035,2025,761,4095,4095,0,0,144,open
2027,2024,759,4095,4095,0,0,145,open
2026,2028,758,4095,4095,0,0,146,open
2032,2031,760,4095,4095,0,0,147,open
2021,2023,759,4095,4095,0,0,148,open
2025,2032,760,4095,4095,0,0,149,open
2020,2029,761,4095,4095,0,0,150,open
2024,2025,760,4095,4095,0,0,151,open
2026,2025,760,4095,4095,0,0,152,open
2031,2024,761,4095,4095,0,0,153,open
2030,2030,760,4095,4095,0,0,154,open
2022,2025,761,4095,4095,0,0,155,open
2026,2026,760,4095,4095,0,0,156,open
2028,2026,760,4095,4095,0,0,157,open
2024,2025,762,4095,4095,0,0,158,open
2031,2031,760,4095,4095,0,0,159,open
2026,2030,760,4095,4095,0,0,160,open
2027,2027,762,4095,4095,0,0,161,open
2029,2027,760,4095,4095,0,0,162,open
2030,2035,762,4095,4095,0,0,163,open
2029,2024,762,4095,4095,0,0,164,open
2031,2032,761,4095,4095,0,0,165,open
2029,2029,762,4095,4095,0,0,166,open
2028,2024,762,4095,4095,0,0,167,open
2030,2026,761,4095,4095,0,0,168,open
2028,2028,761,4095,4095,0,0,169,open
2028,2026,762,4095,4095,0,0,170,open
2032,2024,761,4095,4095,0,0,171,open
2031,2028,762,4095,4095,0,0,172,open
2027,2022,762,4095,4095,0,0,173,open
2027,2031,761,4095,4095,0,0,174,open
2031,2023,763,4095,4095,0,0,175,open
2027,2032,762,4095,4095,0,0,176,open
2032,2026,762,4095,4095,0,0,177,open
2026,2028,764,4095,4095,0,0,178,open
2022,2034,762,4095,4095,0,0,179,open
2025,2030,764,4095,4095,0,0,180,open
2030,2031,764,4095,4095,0,0,181,open
2029,2027,763,4095,4095,0,0,182,open
2025,2027,763,4095,4095,0,0,183,open
2027,2023,763,4095,4095,0,0,184,open
2030,2025,763,4095,4095,0,0,185,open
2027,2030,764,4095,4095,0,0,186,open
2027,2034,763,4095,4095,0,0,187,open
2024,2027,762,4095,4095,0,0,188,open
2025,2030,764,4095,4095,0,0,189,open
2027,2029,764,4095,4095,0,0,190,open
2027,2028,762,4095,4095,0,0,191,open
2026,2029,764,4095,4095,0,0,192,open
2030,2028,764,4095,4095,0,0,193,open
2027,2028,764,4095,4095,0,0,194,open
2024,2026,765,4095,4095,0,0,195,open
2025,2025,764,4095,4095,0,0,196,open
2026,2030,765,4095,4095,0,0,197,open
2024,2030,765,4095,4095,0,0,198,open
2030,2029,764,4095,4095,0,0,199,open
2023,2030,766,4095,4095,0,0,200,open
2028,2027,765,4095,4095,0,0,201,open
2028,2026,765,4095,4095,0,0,202,open
2024,2031,767,4095,4095,0,0,203,open
2026,2026,765,4095,4095,0,0,204,open
2031,2023,766,4095,4095,0,0,205,open
2027,2029,767,4095,4095,0,0,206,open
2030,2028,765,4095,4095,0,0,207,open
2027,2027,765,4095,4095,0,0,208,open
2030,2033,767,4095,4095,0,0,209,open
2033,2036,766,4095,4095,0,0,210,open
2030,2027,768,4095,4095,0,0,211,open
2026,2026,767,4095,4095,0,0,212,open
2027,2026,766,4095,4095,0,0,213,open
2030,2023,768,4095,4095,0,0,214,open
2024,2023,767,4095,4095,0,0,215,open
2027,2031,767,4095,4095,0,0,216,open
2032,2025,768,4095,4095,0,0,217,open
2024,2032,767,4095,4095,0,0,218,open
2031,2029,767,4095,4095,0,0,219,open
2030,2025,770,4095,4095,0,0,220,open
2026,2028,768,4095,4095,0,0,221,open
2028,2029,768,4095,4095,0,0,222,open
2029,2029,769,4095,4095,0,0,223,open
2029,2024,769,4095,4095,0,0,224,open
2029,2030,769,4095,4095,0,0,225,open
2024,2028,770,4095,4095,0,0,226,open
2021,2027,768,4095,4095,0,0,227,open
2030,2027,770,4095,4095,0,0,228,open
2036,2026,770,4095,4095,0,0,229,open
2028,2024,769,4095,4095,0,0,230,open
2027,2029,771,4095,4095,0,0,231,open
2030,2024,770,4095,4095,0,0,232,open
2033,2030,769,4095,4095,0,0,233,open
2030,2022,772,4095,4095,0,0,234,open
2030,2027,771,4095,4095,0,0,235,open
2024,2030,771,4095,4095,0,0,236,open
2029,2026,772,4095,4095,0,0,237,open
2027,2025,771,4095,4095,0,0,238,open
2030,2029,770,4095,4095,0,0,239,open
2030,2026,772,4095,4095,0,0,240,open
2033,2027,771,4095,4095,0,0,241,open
2032,2018,772,4095,4095,0,0,242,open
2028,2032,772,4095,4095,0,0,243,open
2027,2025,772,4095,4095,0,0,244,open
2028,2026,772,4095,4095,0,0,245,open
2028,2028,773,4095,4095,0,0,246,open
2030,2027,773,4095,4095,0,0,247,open
2029,2031,773,4095,4095,0,0,248,open
2029,2030,773,4095,4095,0,0,249,open
2032,2028,773,4095,4095,0,0,250,open
2024,2025,774,4095,4095,0,0,251,open
2031,2030,773,4095,4095,0,0,252,open
2028,2028,773,4095,4095,0,0,253,open
2026,2031,775,4095,4095,0,0,254,open
2032,2023,774,4095,4095,0,0,255,open
2025,2031,775,4095,4095,0,0,256,open
2030,2027,776,4095,4095,0,0,257,open
2028,2027,774,4095,4095,0,0,258,open
2032,2028,776,4095,4095,0,0,259,open
2027,2027,775,4095,4095,0,0,260,open
2024,2025,775,4095,4095,0,0,261,open
2026,2033,776,4095,4095,0,0,262,open
2028,2033,775,4095,4095,0,0,263,open
2026,2027,775,4095,4095,0,0,264,open
2028,2030,777,4095,4095,0,0,265,open
2027,2025,776,4095,4095,0,0,266,open
2027,2030,776,4095,4095,0,0,267,open
2029,2027,777,4095,4095,0,0,268,open
2022,2029,776,4095,4095,0,0,269,open
2025,2028,776,4095,4095,0,0,270,open
2031,2026,778,4095,4095,0,0,271,open
2029,2025,776,4095,4095,0,0,272,open
2023,2027,777,4095,4095,0,0,273,open
2028,2028,779,4095,4095,0,0,274,open
2025,2020,777,4095,4095,0,0,275,open
2028,2028,778,4095,4095,0,0,276,open
2029,2030,778,4095,4095,0,0,277,open
2035,2023,777,4095,4095,0,0,278,open
2029,2024,779,4095,4095,0,0,279,open
2024,2024,779,4095,4095,0,0,280,open
2028,2025,778,4095,4095,0,0,281,open
2023,2025,780,4095,4095,0,0,282,open
2027,2027,779,4095,4095,0,0,283,open
2019,2031,780,4095,4095,0,0,284,open
2026,2025,780,4095,4095,0,0,285,open
2022,2028,779,4095,4095,0,0,286,open
2028,2029,779,4095,4095,0,0,287,open
2022,2029,780,4095,4095,0,0,288,open
2029,2023,779,4095,4095,0,0,289,open
2023,2024,781,4095,4095,0,0,290,open
2024,2023,781,4095,4095,0,0,291,open
2026,2025,780,4095,4095,0,0,292,open
2021,2027,781,4095,4095,0,0,293,open
2025,2024,781,4095,4095,0,0,294,open
2030,2025,781,4095,4095,0,0,295,open
2024,2023,782,4095,4095,0,0,296,open
2030,2025,781,4095,4095,0,0,297,open
2029,2024,781,4095,4095,0,0,298,open
2028,2026,782,4095,4095,0,0,299,open
2028,2026,782,4095,4095,0,0,300,open
2025,2028,783,4095,4095,0,0,301,open
2026,2029,783,4095,4095,0,0,302,open
2024,2023,782,4095,4095,0,0,303,open
2026,2028,783,4095,4095,0,0,304,open
2030,2021,783,4095,4095,0,0,305,open
2032,2030,782,4095,4095,0,0,306,open
2029,2030,785,4095,4095,0,0,307,open
2029,2027,784,4095,4095,0,0,308,open
2027,2030,784,4095,4095,0,0,309,open
2030,2025,783,4095,4095,0,0,310,open
2022,2024,784,4095,4095,0,0,311,open
2025,2027,784,4095,4095,0,0,312,open
2024,2030,785,4095,4095,0,0,313,open
2022,2028,784,4095,4095,0,0,314,open
2031,2024,783,4095,4095,0,0,315,open
2024,2031,785,4095,4095,0,0,316,open
2024,2026,784,4095,4095,0,0,317,open
2028,2027,785,4095,4095,0,0,318,open
2028,2028,785,4095,4095,0,0,319,open
2028,2025,784,4095,4095,0,0,320,open
2026,2023,785,4095,4095,0,0,321,open
2025,2024,786,4095,4095,0,0,322,open
2026,2027,784,4095,4095,0,0,323,open
2023,2026,787,4095,4095,0,0,324,open
2025,2026,786,4095,4095,0,0,325,open
2030,2020,785,4095,4095,0,0,326,open
2030,2025,787,4095,4095,0,0,327,open
2027,2027,786,4095,4095,0,0,328,open
2025,2030,787,4095,4095,0,0,329,open
2026,2022,787,4095,4095,0,0,330,open
2029,2028,786,4095,4095,0,0,331,open
2026,2023,787,4095,4095,0,0,332,open
2025,2029,787,4095,4095,0,0,333,open
2025,2020,786,4095,4095,0,0,334,open
2031,2027,788,4095,4095,0,0,335,open
2024,2026,787,4095,4095,0,0,336,open
2022,2025,787,4095,4095,0,0,337,open
2016,2028,788,4095,4095,0,0,338,open
2021,2027,788,4095,4095,0,0,339,open
2023,2025,787,4095,4095,0,0,340,open
2021,2024,789,4095,4095,0,0,341,open
2021,2019,788,4095,4095,0,0,342,open
2024,2027,788,4095,4095,0,0,343,open
2022,2024,789,4095,4095,0,0,344,open
2029,2022,788,4095,4095,0,0,345,open
2028,2024,789,4095,4095,0,0,346,open
2026,2021,789,4095,4095,0,0,347,open
2022,2017,788,4095,4095,0,0,348,open
2028,2024,789,4095,4095,0,0,349,open
2028,2021,789,4095,4095,0,0,350,open
2024,2024,788,4095,4095,0,0,351,open
2025,2023,789,4095,4095,0,0,352,open
2026,2025,789,4095,4095,0,0,353,open
2025,2026,789,4095,4095,0,0,354,open
2026,2017,790,4095,4095,0,0,355,open
2018,2027,789,4095,4095,0,0,356,open
2023,2019,789,4095,4095,0,0,357,open
2021,2022,791,4095,4095,0,0,358,open
2020,2025,790,4095,4095,0,0,359,open
2028,2022,789,4095,4095,0,0,360,open
2023,2026,791,4095,4095,0,0,361,open
2024,2023,789,4095,4095,0,0,362,open
2029,2026,790,4095,4095,0,0,363,open
2023,2029,791,4095,4095,0,0,364,open
2031,2026,789,4095,4095,0,0,365,open
2025,2028,791,4095,4095,0,0,366,open
2028,2025,791,4095,4095,0,0,367,open
2024,2033,790,4095,4095,0,0,368,open
2028,2027,792,4095,4095,0,0,369,open
2027,2023,791,4095,4095,0,0,370,open
2030,2027,791,4095,4095,0,0,371,open
2027,2030,792,4095,4095,0,0,372,open
2026,2026,791,4095,4095,0,0,373,open
2027,2025,791,4095,4095,0,0,374,open
2030,2022,792,4095,4095,0,0,375,open
2024,2023,791,4095,4095,0,0,376,open
2030,2025,791,4095,4095,0,0,377,open
2025,2027,793,4095,4095,0,0,378,open
2028,2025,791,4095,4095,0,0,379,open
2024,2025,793,4095,4095,0,0,380,open
2026,2024,792,4095,4095,0,0,381,open
2018,2027,791,4095,4095,0,0,382,open
2027,2023,792,4095,4095,0,0,383,open
2028,2028,792,4095,4095,0,0,384,open
2025,2027,791,4095,4095,0,0,385,open
2027,2028,794,4095,4095,0,0,386,open
2028,2026,792,4095,4095,0,0,387,open
2025,2029,793,4095,4095,0,0,388,open
2030,2023,794,4095,4095,0,0,389,open
2029,2028,792,4095,4095,0,0,390,open
2027,2030,793,4095,4095,0,0,391,open
2029,2025,794,4095,4095,0,0,392,open
2025,2023,793,4095,4095,0,0,393,open
2025,2026,793,4095,4095,0,0,394,open
2026,2032,794,4095,4095,0,0,395,open
2024,2028,793,4095,4095,0,0,396,open
2025,2027,795,4095,4095,0,0,397,open
2025,2024,794,4095,4095,0,0,398,open
2024,2028,793,4095,4095,0,0,399,open
2022,2024,794,4095,4095,0,0,400,open
2030,2027,794,4095,4095,0,0,401,open
2027,2025,793,4095,4095,0,0,402,open
2026,2027,794,4095,4095,0,0,403,open
2027,2030,794,4095,4095,0,0,404,open
2028,2021,794,4095,4095,0,0,405,open
2025,2027,795,4095,4095,0,0,406,open
2024,2027,793,4095,4095,0,0,407,open
2032,2025,794,4095,4095,0,0,408,open
2025,2030,795,4095,4095,0,0,409,open
2026,2023,794,4095,4095,0,0,410,open
2025,2028,795,4095,4095,0,0,411,open
2025,2029,794,4095,4095,0,0,412,open
2026,2028,794,4095,4095,0,0,413,open
2027,2031,796,4095,4095,0,0,414,open
2027,2029,795,4095,4095,0,0,415,open
2023,2024,794,4095,4095,0,0,416,open
2031,2027,796,4095,4095,0,0,417,open
2029,2024,795,4095,4095,0,0,418,open
2030,2027,795,4095,4095,0,0,419,open
2028,2031,797,4095,4095,0,0,420,open
2025,2028,795,4095,4095,0,0,421,open
2031,2026,795,4095,4095,0,0,422,open
2018,2026,796,4095,4095,0,0,423,open
2026,2026,795,4095,4095,0,0,424,open
2027,2033,797,4095,4095,0,0,425,open
2027,2022,796,4095,4095,0,0,426,open
2032,2025,795,4095,4095,0,0,427,open
2027,2028,797,4095,4095,0,0,428,open
2026,2023,796,4095,4095,0,0,429,open
2026,2024,796,4095,4095,0,0,430,open
2025,2026,797,4095,4095,0,0,431,open
2022,2024,797,4095,4095,0,0,432,open
2021,2029,797,4095,4095,0,0,433,open
2027,2033,798,4095,4095,0,0,434,open
2022,2022,796,4095,4095,0,0,435,open
2029,2026,797,4095,4095,0,0,436,open
2030,2025,799,4095,4095,0,0,437,open
2029,2032,797,4095,4095,0,0,438,open
2025,2030,799,4095,4095,0,0,439,open
2029,2028,798,4095,4095,0,0,440,open
2025,2029,797,4095,4095,0,0,441,open
2026,2027,799,4095,4095,0,0,442,open
2028,2026,798,4095,4095,0,0,443,open
2026,2029,798,4095,4095,0,0,444,open
2024,2029,800,4095,4095,0,0,445,open
2027,2027,799,4095,4095,0,0,446,open
2026,2031,798,4095,4095,0,0,447,open
2029,2030,799,4095,4095,0,0,448,open
2025,2028,799,4095,4095,0,0,449,open
2028,2029,799,4095,4095,0,0,450,open
2026,2033,799,4095,4095,0,0,451,open
2026,2028,798,4095,4095,0,0,452,open
2029,2026,799,4095,4095,0,0,453,open
2027,2029,800,4095,4095,0,0,454,open
2027,2026,799,4095,4095,0,0,455,open
2024,2029,800,4095,4095,0,0,456,open
2028,2026,800,4095,4095,0,0,457,open
2031,2030,799,4095,4095,0,0,458,open
2028,2026,801,4095,4095,0,0,459,open
2028,2027,800,4095,4095,0,0,460,open
2032,2033,799,4095,4095,0,0,461,open
2028,2026,802,4095,4095,0,0,462,open
2031,2024,801,4095,4095,0,0,463,open
2026,2033,800,4095,4095,0,0,464,open
2030,2025,802,4095,4095,0,0,465,open
2025,2028,801,4095,4095,0,0,466,open
2031,2028,801,4095,4095,0,0,467,open
2028,2028,801,4095,4095,0,0,468,open
2028,2026,801,4095,4095,0,0,469,open
2030,2029,801,4095,4095,0,0,470,open
2033,2029,803,4095,4095,0,0,471,open
2027,2027,802,4095,4095,0,0,472,open
2026,2026,803,4095,4095,0,0,473,open
2025,2027,802,4095,4095,0,0,474,open
2032,2027,802,4095,4095,0,0,475,open
2022,2029,804,4095,4095,0,0,476,open
2025,2028,802,4095,4095,0,0,477,open
2034,2033,802,4095,4095,0,0,478,open
2030,2025,804,4095,4095,0,0,479,open
2026,2025,802,4095,4095,0,0,480,open
2027,2031,803,4095,4095,0,0,481,open
2024,2027,804,4095,4095,0,0,482,open
2029,2024,803,4095,4095,0,0,483,open
2024,2027,803,4095,4095,0,0,484,open
2029,2028,804,4095,4095,0,0,485,open
2034,2023,803,4095,4095,0,0,486,open
2025,2027,804,4095,4095,0,0,487,open
2029,2027,804,4095,4095,0,0,488,open
2024,2024,804,4095,4095,0,0,489,open
2028,2026,806,4095,4095,0,0,490,open
2027,2027,805,4095,4095,0,0,491,open
2025,2029,804,4095,4095,0,0,492,open
2025,2029,806,4095,4095,0,0,493,open
2020,2028,805,4095,4095,0,0,494,open
2024,2030,805,4095,4095,0,0,495,open
2025,2029,807,4095,4095,0,0,496,open
2026,2022,805,4095,4095,0,0,497,open
2024,2025,806,4095,4095,0,0,498,open
2028,2026,807,4095,4095,0,0,499,open
2024,2031,806,4095,4095,0,0,500,open
2023,2034,808,4095,4095,0,0,501,open
2029,2026,807,4095,4095,0,0,502,open
2021,2023,806,4095,4095,0,0,503,open
2029,2027,808,4095,4095,0,0,504,open
2025,2023,807,4095,4095,0,0,505,open
2023,2023,807,4095,4095,0,0,506,open
2029,2028,809,4095,4095,0,0,507,open
2026,2023,807,4095,4095,0,0,508,open
2027,2028,807,4095,4095,0,0,509,open
2025,2020,809,4095,4095,0,0,510,open
2020,2026,808,4095,4095,0,0,511,open
2026,2024,808,4095,4095,0,0,512,open
2026,2026,809,4095,4095,0,0,513,open
2029,2026,808,4095,4095,0,0,514,open
2024,2027,810,4095,4095,0,0,515,open
2027,2029,810,4095,4095,0,0,516,open
2023,2023,808,4095,4095,0,0,517,open
2025,2025,810,4095,4095,0,0,518,open
2022,2022,810,4095,4095,0,0,519,open
2029,2023,809,4095,4095,0,0,520,open
2026,2027,812,4095,4095,0,0,521,open
2026,2027,810,4095,4095,0,0,522,open
2020,2026,810,4095,4095,0,0,523,open
2020,2024,811,4095,4095,0,0,524,open
2025,2026,810,4095,4095,0,0,525,open
2029,2028,810,4095,4095,0,0,526,open
2030,2028,812,4095,4095,0,0,527,open
2028,2027,810,4095,4095,0,0,528,open
2027,2021,812,4095,4095,0,0,529,open
2023,2025,812,4095,4095,0,0,530,open
2027,2028,811,4095,4095,0,0,531,open
2020,2027,813,4095,4095,0,0,532,open
2032,2026,813,4095,4095,0,0,533,open
2029,2025,811,4095,4095,0,0,534,open
2020,2030,814,4095,4095,0,0,535,open
2025,2028,812,4095,4095,0,0,536,open
2024,2029,812,4095,4095,0,0,537,open
2029,2027,813,4095,4095,0,0,538,open
2026,2025,813,4095,4095,0,0,539,open
2025,2023,813,4095,4095,0,0,540,open
2027,2024,815,4095,4095,0,0,541,open
2027,2031,813,4095,4095,0,0,542,open
2024,2029,814,4095,4095,0,0,543,open
2026,2031,815,4095,4095,0,0,544,open
2019,2025,813,4095,4095,0,0,545,open
2023,2024,816,4095,4095,0,0,546,open
2025,2021,815,4095,4095,0,0,547,open
2028,2028,814,4095,4095,0,0,548,open
2026,2025,815,4095,4095,0,0,549,open
2024,2029,815,4095,4095,0,0,550,open
2029,2023,813,4095,4095,0,0,551,open
2029,2023,816,4095,4095,0,0,552,open
2025,2031,815,4095,4095,0,0,553,open
2022,2026,815,4095,4095,0,0,554,open
2026,2025,816,4095,4095,0,0,555,open
2025,2028,815,4095,4095,0,0,556,open
2027,2025,816,4095,4095,0,0,557,open
2030,2028,817,4095,4095,0,0,558,open
2027,2029,815,4095,4095,0,0,559,open
2027,2024,817,4095,4095,0,0,560,open
2027,2031,817,4095,4095,0,0,561,open
2026,2021,816,4095,4095,0,0,562,open
2024,2028,817,4095,4095,0,0,563,open
2023,2027,818,4095,4095,0,0,564,open
2024,2021,817,4095,4095,0,0,565,open
2027,2031,819,4095,4095,0,0,566,open
2027,2025,818,4095,4095,0,0,567,open
2024,2024,818,4095,4095,0,0,568,open
2030,2027,818,4095,4095,0,0,569,open
2022,2031,818,4095,4095,0,0,570,open
2020,2025,817,4095,4095,0,0,571,open
2027,2028,820,4095,4095,0,0,572,open
2025,2028,818,4095,4095,0,0,573,open
2030,2027,819,4095,4095,0,0,574,open
2025,2024,819,4095,4095,0,0,575,open
2028,2024,819,4095,4095,0,0,576,open
2028,2030,820,4095,4095,0,0,577,open
2024,2029,819,4095,4095,0,0,578,open
2023,2026,818,4095,4095,0,0,579,open
2025,2028,821,4095,4095,0,0,580,open
2028,2026,820,4095,4095,0,0,581,open
2024,2030,819,4095,4095,0,0,582,open
2028,2021,821,4095,4095,0,0,583,open
2029,2025,819,4095,4095,0,0,584,open
2028,2026,819,4095,4095,0,0,585,open
2025,2030,820,4095,4095,0,0,586,open
2027,2031,819,4095,4095,0,0,587,open
2024,2022,820,4095,4095,0,0,588,open
2023,2024,821,4095,4095,0,0,589,open
2025,2030,819,4095,4095,0,0,590,open
2028,2030,821,4095,4095,0,0,591,open
2025,2027,821,4095,4095,0,0,592,open
2024,2029,820,4095,4095,0,0,593,open
2031,2029,821,4095,4095,0,0,594,open
2029,2026,821,4095,4095,0,0,595,open
2030,2027,820,4095,4095,0,0,596,open
2027,2024,822,4095,4095,0,0,597,open
2029,2029,821,4095,4095,0,0,598,open
2028,2023,822,4095,4095,0,0,599,open
2030,2029,822,4095,4095,0,0,600,open
2027,2024,821,4095,4095,0,0,601,open
2025,2026,821,4095,4095,0,0,602,open
2028,2028,823,4095,4095,0,0,603,open
2024,2022,821,4095,4095,0,0,604,open
2021,2027,822,4095,4095,0,0,605,open
2025,2028,822,4095,4095,0,0,606,open
2025,2027,821,4095,4095,0,0,607,open
2022,2025,822,4095,4095,0,0,608,open
2024,2028,823,4095,4095,0,0,609,open
2028,2022,821,4095,4095,0,0,610,open
2021,2024,824,4095,4095,0,0,611,open
2026,2026,823,4095,4095,0,0,612,open
2028,2026,822,4095,4095,0,0,613,open
2027,2021,824,4095,4095,0,0,614,open
2027,2027,822,4095,4095,0,0,615,open
2023,2025,822,4095,4095,0,0,616,open
2028,2026,824,4095,4095,0,0,617,open
2027,2028,823,4095,4095,0,0,618,open
2027,2025,823,4095,4095,0,0,619,open
2031,2028,824,4095,4095,0,0,620,open
2030,2026,823,4095,4095,0,0,621,open
2027,2024,823,4095,4095,0,0,622,open
2030,2030,824,4095,4095,0,0,623,open
2026,2029,823,4095,4095,0,0,624,open
2027,2028,824,4095,4095,0,0,625,open
2027,2030,824,4095,4095,0,0,626,open
2032,2030,823,4095,4095,0,0,627,open
2024,2022,823,4095,4095,0,0,628,open
2029,2017,824,4095,4095,0,0,629,open
2028,2024,824,4095,4095,0,0,630,open
2028,2028,825,4095,4095,0,0,631,open
2028,2028,823,4095,4095,0,0,632,open
2024,2022,824,4095,4095,0,0,633,open
2025,2025,825,4095,4095,0,0,634,open
2015,2029,824,4095,4095,0,0,635,open
2024,2027,824,4095,4095,0,0,636,open
2025,2023,825,4095,4095,0,0,637,open
2031,2029,824,4095,4095,0,0,638,open
2024,2030,826,4095,4095,0,0,639,open
2027,2027,825,4095,4095,0,0,640,open
2026,2028,823,4095,4095,0,0,641,open
2024,2028,825,4095,4095,0,0,642,open
2027,2026,825,4095,4095,0,0,643,open
2026,2027,823,4095,4095,0,0,644,open
2027,2026,826,4095,4095,0,0,645,open
2027,2026,824,4095,4095,0,0,646,open
2026,2029,824,4095,4095,0,0,647,open
2025,2027,825,4095,4095,0,0,648,open
2022,2031,824,4095,4095,0,0,649,open
2028,2031,826,4095,4095,0,0,650,open
2032,2025,825,4095,4095,0,0,651,open
2022,2024,824,4095,4095,0,0,652,open
2026,2029,826,4095,4095,0,0,653,open
2026,2027,825,4095,4095,0,0,654,open
2029,2028,824,4095,4095,0,0,655,open
2021,2027,826,4095,4095,0,0,656,open
2023,2027,826,4095,4095,0,0,657,open
2027,2027,825,4095,4095,0,0,658,open
2030,2022,826,4095,4095,0,0,659,open
2025,2021,825,4095,4095,0,0,660,open
2025,2024,825,4095,4095,0,0,661,open
2027,2026,826,4095,4095,0,0,662,open
2024,2028,825,4095,4095,0,0,663,open
2030,2026,825,4095,4095,0,0,664,open
2029,2025,826,4095,4095,0,0,665,open
2029,2027,825,4095,4095,0,0,666,open
2027,2024,827,4095,4095,0,0,667,open
2027,2026,827,4095,4095,0,0,668,open
2031,2026,826,4095,4095,0,0,669,open
2027,2024,828,4095,4095,0,0,670,open
2033,2028,826,4095,4095,0,0,671,open
2024,2023,826,4095,4095,0,0,672,open
2023,2031,828,4095,4095,0,0,673,open
2026,2030,826,4095,4095,0,0,674,open
2027,2025,826,4095,4095,0,0,675,open
2024,2029,828,4095,4095,0,0,676,open
2025,2023,826,4095,4095,0,0,677,open
2025,2027,827,4095,4095,0,0,678,open
2024,2025,828,4095,4095,0,0,679,open
2025,2029,826,4095,4095,0,0,680,open
2028,2031,828,4095,4095,0,0,681,open
2027,2024,827,4095,4095,0,0,682,open
2026,2026,827,4095,4095,0,0,683,open
2022,2027,828,4095,4095,0,0,684,open
2028,2025,828,4095,4095,0,0,685,open
2022,2032,827,4095,4095,0,0,686,open
2018,2026,829,4095,4095,0,0,687,open
2023,2030,828,4095,4095,0,0,688,open
2023,2030,828,4095,4095,0,0,689,open
2030,2024,829,4095,4095,0,0,690,open
2029,2028,828,4095,4095,0,0,691,open
2028,2023,829,4095,4095,0,0,692,open
2020,2028,830,4095,4095,0,0,693,open
2024,2032,829,4095,4095,0,0,694,open
2022,2029,830,4095,4095,0,0,695,open
2023,2025,830,4095,4095,0,0,696,open
2028,2016,828,4095,4095,0,0,697,open
2029,2029,830,4095,4095,0,0,698,open
2024,2023,830,4095,4095,0,0,699,open
2022,2026,829,4095,4095,0,0,700,open
2021,2025,830,4095,4095,0,0,701,open
2021,2015,830,4095,4095,0,0,702,open
2026,2019,829,4095,4095,0,0,703,open
2027,2022,831,4095,4095,0,0,704,open
2025,2025,830,4095,4095,0,0,705,open
2025,2024,830,4095,4095,0,0,706,open
2026,2029,831,4095,4095,0,0,707,open
2027,2027,830,4095,4095,0,0,708,open
2023,2029,831,4095,4095,0,0,709,open
2025,2025,831,4095,4095,0,0,710,open
2020,2027,830,4095,4095,0,0,711,open
2029,2025,832,4095,4095,0,0,712,open
2024,2024,832,4095,4095,0,0,713,open
2023,2032,831,4095,4095,0,0,714,open
2026,2022,833,4095,4095,0,0,715,open
2022,2023,832,4095,4095,0,0,716,open
2023,2023,831,4095,4095,0,0,717,open
2026,2029,832,4095,4095,0,0,718,open
2034,2027,832,4095,4095,0,0,719,open
2023,2029,832,4095,4095,0,0,720,open
2022,2022,833,4095,4095,0,0,721,open
2022,2026,832,4095,4095,0,0,722,open
2022,2020,833,4095,4095,0,0,723,open
2028,2031,834,4095,4095,0,0,724,open
2029,2027,833,4095,4095,0,0,725,open
2026,2025,834,4095,4095,0,0,726,open
2022,2027,835,4095,4095,0,0,727,open
2022,2027,832,4095,4095,0,0,728,open
2027,2023,834,4095,4095,0,0,729,open
2023,2027,834,4095,4095,0,0,730,open
2028,2022,833,4095,4095,0,0,731,open
2023,2027,835,4095,4095,0,0,732,open
2023,2023,834,4095,4095,0,0,733,open
2026,2026,834,4095,4095,0,0,734,open
2026,2032,835,4095,4095,0,0,735,open
2026,2024,834,4095,4095,0,0,736,open
2027,2025,834,4095,4095,0,0,737,open
2017,2025,836,4095,4095,0,0,738,open
2025,2025,835,4095,4095,0,0,739,open
2024,2028,835,4095,4095,0,0,740,open
2026,2024,836,4095,4095,0,0,741,open
2026,2020,834,4095,4095,0,0,742,open
2027,2025,836,4095,4095,0,0,743,open
2023,2027,836,4095,4095,0,0,744,open
2026,2025,835,4095,4095,0,0,745,open
2024,2026,838,4095,4095,0,0,746,open
2026,2024,836,4095,4095,0,0,747,open
2024,2026,837,4095,4095,0,0,748,open
2021,2019,837,4095,4095,0,0,749,open
2021,2024,837,4095,4095,0,0,750,open
2023,2024,837,4095,4095,0,0,751,open
2028,2027,838,4095,4095,0,0,752,open
2029,2026,837,4095,4095,0,0,753,open
2027,2024,837,4095,4095,0,0,754,open
2022,2028,839,4095,4095,0,0,755,open
2024,2026,837,4095,4095,0,0,756,open
2026,2026,837,4095,4095,0,0,757,open
2024,2029,838,4095,4095,0,0,758,open
2025,2024,838,4095,4095,0,0,759,open
2025,2022,839,4095,4095,0,0,760,open
2025,2023,839,4095,4095,0,0,761,open
2022,2026,838,4095,4095,0,0,762,open
2028,2024,840,4095,4095,0,0,763,open
2029,2024,839,4095,4095,0,0,764,open
2026,2030,839,4095,4095,0,0,765,open
2023,2022,841,4095,4095,0,0,766,open
2022,2028,839,4095,4095,0,0,767,open
2026,2026,840,4095,4095,0,0,768,open
2027,2023,841,4095,4095,0,0,769,open
2022,2027,839,4095,4095,0,0,770,open
2025,2028,841,4095,4095,0,0,771,open
2026,2023,841,4095,4095,0,0,772,open
2026,2025,840,4095,4095,0,0,773,open
2023,2025,842,4095,4095,0,0,774,open
2027,2025,842,4095,4095,0,0,775,open
2031,2028,841,4095,4095,0,0,776,open
2024,2027,842,4095,4095,0,0,777,open
2024,2024,842,4095,4095,0,0,778,open
2025,2023,841,4095,4095,0,0,779,open
2028,2019,843,4095,4095,0,0,780,open
2032,2026,842,4095,4095,0,0,781,open
2025,2018,842,4095,4095,0,0,782,open
2027,2026,844,4095,4095,0,0,783,open
2029,2024,842,4095,4095,0,0,784,open
2027,2027,844,4095,4095,0,0,785,open
2025,2024,844,4095,4095,0,0,786,open
2023,2028,842,4095,4095,0,0,787,open
2029,2027,843,4095,4095,0,0,788,open
2025,2024,844,4095,4095,0,0,789,open
2024,2027,842,4095,4095,0,0,790,open
2023,2026,845,4095,4095,0,0,791,open
2028,2028,844,4095,4095,0,0,792,open
2024,2023,843,4095,4095,0,0,793,open
2024,2027,845,4095,4095,0,0,794,open
2024,2027,845,4095,4095,0,0,795,open
2026,2020,844,4095,4095,0,0,796,open
2025,2025,845,4095,4095,0,0,797,open
2020,2029,844,4095,4095,0,0,798,open
2029,2031,846,4095,4095,0,0,799,open
2027,2025,846,4095,4095,0,0,800,open
2029,2027,845,4095,4095,0,0,801,open
2029,2024,846,4095,4095,0,0,802,open
2024,2025,847,4095,4095,0,0,803,open
2021,2025,846,4095,4095,0,0,804,open
2028,2027,847,4095,4095,0,0,805,open
2026,2030,847,4095,4095,0,0,806,open
2032,2027,846,4095,4095,0,0,807,open
2024,2024,848,4095,4095,0,0,808,open
2022,2027,847,4095,4095,0,0,809,open
2025,2030,846,4095,4095,0,0,810,open
2027,2023,848,4095,4095,0,0,811,open
2023,2022,847,4095,4095,0,0,812,open
2028,2027,847,4095,4095,0,0,813,open
2020,2025,847,4095,4095,0,0,814,open
2026,2021,846,4095,4095,0,0,815,open
2025,2028,847,4095,4095,0,0,816,open
2024,2024,848,4095,4095,0,0,817,open
2027,2025,846,4095,4095,0,0,818,open
2027,2025,848,4095,4095,0,0,819,open
2021,2029,847,4095,4095,0,0,820,open
2022,2031,847,4095,4095,0,0,821,open
2023,2027,849,4095,4095,0,0,822,open
2028,2021,849,4095,4095,0,0,823,open
2024,2030,848,4095,4095,0,0,824,open
2024,2027,850,4095,4095,0,0,825,open
2024,2026,848,4095,4095,0,0,826,open
2027,2027,848,4095,4095,0,0,827,open
2023,2024,850,4095,4095,0,0,828,open
2025,2025,848,4095,4095,0,0,829,open
2020,2028,850,4095,4095,0,0,830,open
2026,2024,850,4095,4095,0,0,831,open
2026,2026,849,4095,4095,0,0,832,open
2024,2028,850,4095,4095,0,0,833,open
2016,2024,850,4095,4095,0,0,834,open
2022,2024,848,4095,4095,0,0,835,open
2026,2025,851,4095,4095,0,0,836,open
2029,2023,850,4095,4095,0,0,837,open
2026,2026,850,4095,4095,0,0,838,open
2030,2027,851,4095,4095,0,0,839,open
2023,2026,850,4095,4095,0,0,840,open
2028,2026,851,4095,4095,0,0,841,open
2026,2023,852,4095,4095,0,0,842,open
2025,2026,851,4095,4095,0,0,843,open
2027,2026,851,4095,4095,0,0,844,open
2024,2022,852,4095,4095,0,0,845,open
2021,2025,851,4095,4095,0,0,846,open
2029,2022,852,4095,4095,0,0,847,open
2026,2023,853,4095,4095,0,0,848,open
2026,2027,851,4095,4095,0,0,849,open
2031,2028,853,4095,4095,0,0,850,open
2023,2025,853,4095,4095,0,0,851,open
2028,2026,852,4095,4095,0,0,852,open
2026,2025,855,4095,4095,0,0,853,open
2024,2023,854,4095,4095,0,0,854,open
2026,2028,853,4095,4095,0,0,855,open
2025,2026,855,4095,4095,0,0,856,open
2026,2025,854,4095,4095,0,0,857,open
2024,2024,854,4095,4095,0,0,858,open
2025,2025,856,4095,4095,0,0,859,open
2026,2021,854,4095,4095,0,0,860,open
2024,2023,855,4095,4095,0,0,861,open
2027,2030,856,4095,4095,0,0,862,open
2024,2029,855,4095,4095,0,0,863,open
2026,2022,855,4095,4095,0,0,864,open
2024,2023,855,4095,4095,0,0,865,open
2021,2025,854,4095,4095,0,0,866,open
2024,2024,855,4095,4095,0,0,867,open
2021,2022,854,4095,4095,0,0,868,open
2027,2027,854,4095,4095,0,0,869,open
2032,2028,856,4095,4095,0,0,870,open
2023,2027,855,4095,4095,0,0,871,open
2026,2026,854,4095,4095,0,0,872,open
2024,2025,856,4095,4095,0,0,873,open
2027,2025,854,4095,4095,0,0,874,open
2022,2024,855,4095,4095,0,0,875,open
2023,2023,855,4095,4095,0,0,876,open
2028,2026,854,4095,4095,0,0,877,open
2023,2023,855,4095,4095,0,0,878,open
2026,2031,855,4095,4095,0,0,879,open
2027,2024,854,4095,4095,0,0,880,open
2033,2024,855,4095,4095,0,0,881,open
2026,2027,855,4095,4095,0,0,882,open
2025,2023,853,4095,4095,0,0,883,open
2026,2021,857,4095,4095,0,0,884,open
2029,2030,855,4095,4095,0,0,885,open
2023,2028,854,4095,4095,0,0,886,open
2025,2024,856,4095,4095,0,0,887,open
2025,2026,855,4095,4095,0,0,888,open
2030,2026,854,4095,4095,0,0,889,open
2026,2028,856,4095,4095,0,0,890,open
2031,2028,854,4095,4095,0,0,891,open
2026,2026,855,4095,4095,0,0,892,open
2029,2014,856,4095,4095,0,0,893,open
2026,2029,855,4095,4095,0,0,894,open
2030,2026,857,4095,4095,0,0,895,open
2033,2023,856,4095,4095,0,0,896,open
2021,2023,854,4095,4095,0,0,897,open
2032,2030,856,4095,4095,0,0,898,open
2024,2029,856,4095,4095,0,0,899,open
2026,2036,854,4095,4095,0,0,900,open
2023,2027,856,4095,4095,0,0,901,open
2028,2031,855,4095,4095,0,0,902,open
2026,2024,855,4095,4095,0,0,903,open
2029,2024,856,4095,4095,0,0,904,open
2029,2023,855,4095,4095,0,0,905,open
2029,2027,855,4095,4095,0,0,906,open
2024,2028,856,4095,4095,0,0,907,open
2022,2025,879,4095,4095,0,0,908,open
2027,2026,881,4095,4095,0,0,909,open
2029,2024,879,4095,4095,0,0,910,open
2026,2025,879,4095,4095,0,0,911,open
2026,2030,882,4095,4095,0,0,912,open
2021,2026,881,4095,4095,0,0,913,open
2029,2026,881,4095,4095,0,0,914,open
2024,2028,882,4095,4095,0,0,915,open
2026,2025,881,4095,4095,0,0,916,open
2026,2032,883,4095,4095,0,0,917,open
2027,2026,883,4095,4095,0,0,918,open
2026,2026,882,4095,4095,0,0,919,open
2021,2025,884,4095,4095,0,0,920,open
2025,2031,883,4095,4095,0,0,921,open
2030,2022,882,4095,4095,0,0,922,open
2026,2026,884,4095,4095,0,0,923,open
2027,2028,884,4095,4095,0,0,924,open
2020,2028,883,4095,4095,0,0,925,open
2026,2023,885,4095,4095,0,0,926,open
2029,2027,884,4095,4095,0,0,927,open
2025,2024,885,4095,4095,0,0,928,open
2024,2024,887,4095,4095,0,0,929,open
2028,2030,885,4095,4095,0,0,930,open
2029,2028,885,4095,4095,0,0,931,open
2029,2030,887,4095,4095,0,0,932,open
2025,2025,885,4095,4095,0,0,933,open
2024,2031,887,4095,4095,0,0,934,open
2021,2028,887,4095,4095,0,0,935,open
2028,2024,886,4095,4095,0,0,936,open
2025,2030,889,4095,4095,0,0,937,open
2028,2027,889,4095,4095,0,0,938,open
2026,2023,888,4095,4095,0,0,939,open
2028,2027,889,4095,4095,0,0,940,open
2026,2026,888,4095,4095,0,0,941,open
2032,2024,888,4095,4095,0,0,942,open
2028,2027,890,4095,4095,0,0,943,open
2029,2031,889,4095,4095,0,0,944,open
2027,2030,889,4095,4095,0,0,945,open
2027,2025,891,4095,4095,0,0,946,open
2026,2029,889,4095,4095,0,0,947,open
2029,2022,889,4095,4095,0,0,948,open
2027,2026,890,4095,4095,0,0,949,open
2027,2024,889,4095,4095,0,0,950,open
2025,2023,889,4095,4095,0,0,951,open
2027,2029,890,4095,4095,0,0,952,open
2029,2030,889,4095,4095,0,0,953,open
2026,2029,891,4095,4095,0,0,954,open
2028,2027,890,4095,4095,0,0,955,open
2028,2027,889,4095,4095,0,0,956,open
2028,2032,891,4095,4095,0,0,957,open
2026,2025,889,4095,4095,0,0,958,open
2026,2028,890,4095,4095,0,0,959,open
2020,2025,891,4095,4095,0,0,960,open
2027,2028,889,4095,4095,0,0,961,open
2028,2027,890,4095,4095,0,0,962,open
2029,2028,891,4095,4095,0,0,963,open
2025,2030,889,4095,4095,0,0,964,open
2029,2027,892,4095,4095,0,0,965,open
2026,2030,892,4095,4095,0,0,966,open
2024,2029,890,4095,4095,0,0,967,open
2025,2025,891,4095,4095,0,0,968,open
2025,2032,891,4095,4095,0,0,969,open
2032,2023,891,4095,4095,0,0,970,open
2029,2026,893,4095,4095,0,0,971,open
2031,2032,890,4095,4095,0,0,972,open
2025,2026,891,4095,4095,0,0,973,open
2025,2027,893,4095,4095,0,0,974,open
2023,2026,891,4095,4095,0,0,975,open
2030,2028,891,4095,4095,0,0,976,open
2025,2026,892,4095,4095,0,0,977,open
2030,2025,890,4095,4095,0,0,978,open
2031,2028,892,4095,4095,0,0,979,open
2026,2026,892,4095,4095,0,0,980,open
2024,2023,891,4095,4095,0,0,981,open
2025,2023,893,4095,4095,0,0,982,open
2029,2022,893,4095,4095,0,0,983,open
2041,2032,892,4095,4095,0,0,984,open
2025,2025,913,4095,4095,0,0,985,open
2023,2026,912,4095,4095,0,0,986,open
2028,2028,911,4095,4095,0,0,987,open
2023,2026,914,4095,4095,0,0,988,open
2026,2028,912,4095,4095,0,0,989,open
2026,2025,912,4095,4095,0,0,990,open
2025,2029,915,4095,4095,0,0,991,open
2024,2027,912,4095,4095,0,0,992,open
2022,2026,913,4095,4095,0,0,993,open
2021,2027,915,4095,4095,0,0,994,open
2022,2027,913,4095,4095,0,0,995,open
2028,2023,914,4095,4095,0,0,996,open
2024,2025,915,4095,4095,0,0,997,open
2024,2030,913,4095,4095,0,0,998,open
2025,2027,917,4095,4095,0,0,999,open
2027,2021,916,4095,4095,0,0,1000,open
2026,2025,916,4095,4095,0,0,1001,open
2026,2024,918,4095,4095,0,0,1002,open
2032,2027,917,4095,4095,0,0,1003,open
2025,2028,916,4095,4095,0,0,1004,open
2025,2027,919,4095,4095,0,0,1005,open
2031,2027,918,4095,4095,0,0,1006,open
2023,2028,919,4095,4095,0,0,1007,open
2026,2025,920,4095,4095,0,0,1008,open
2029,2026,919,4095,4095,0,0,1009,open
2028,2025,919,4095,4095,0,0,1010,open
2026,2025,921,4095,4095,0,0,1011,open
2028,2028,918,4095,4095,0,0,1012,open
2030,2031,921,4095,4095,0,0,1013,open
2025,2026,921,4095,4095,0,0,1014,open
2030,2027,919,4095,4095,0,0,1015,open
2024,2027,919,4095,4095,0,0,1016,open
2028,2026,919,4095,4095,0,0,1017,open
2025,2028,918,4095,4095,0,0,1018,open
2028,2025,921,4095,4095,0,0,1019,open
2022,2028,920,4095,4095,0,0,1020,open
2026,2029,919,4095,4095,0,0,1021,open
2031,2022,922,4095,4095,0,0,1022,open
2022,2025,919,4095,4095,0,0,1023,open
2021,2023,921,4095,4095,0,0,1024,open
2021,2022,921,4095,4095,0,0,1025,open
2024,2027,919,4095,4095,0,0,1026,open
2026,2026,921,4095,4095,0,0,1027,open
2028,2021,922,4095,4095,0,0,1028,open
2026,2023,920,4095,4095,0,0,1029,open
2026,2024,922,4095,4095,0,0,1030,open
2025,2028,922,4095,4095,0,0,1031,open
2031,2024,920,4095,4095,0,0,1032,open
2027,2027,922,4095,4095,0,0,1033,open
2026,2024,922,4095,4095,0,0,1034,open
2027,2023,920,4095,4095,0,0,1035,open
2028,2027,923,4095,4095,0,0,1036,open
2024,2023,921,4095,4095,0,0,1037,open
2025,2030,921,4095,4095,0,0,1038,open
2026,2029,923,4095,4095,0,0,1039,open
2032,2027,921,4095,4095,0,0,1040,open
2020,2027,922,4095,4095,0,0,1041,open
2027,2025,923,4095,4095,0,0,1042,open
2029,2025,921,4095,4095,0,0,1043,open
2028,2025,923,4095,4095,0,0,1044,open
2029,2027,922,4095,4095,0,0,1045,open
2026,2023,920,4095,4095,0,0,1046,open
2027,2028,923,4095,4095,0,0,1047,open
2028,2024,923,4095,4095,0,0,1048,open
2028,2028,922,4095,4095,0,0,1049,open
2027,2027,924,4095,4095,0,0,1050,open
2022,2022,922,4095,4095,0,0,1051,open
2029,2024,923,4095,4095,0,0,1052,open
2023,2027,924,4095,4095,0,0,1053,open
2027,2030,923,4095,4095,0,0,1054,open
2023,2023,924,4095,4095,0,0,1055,open
2026,2025,924,4095,4095,0,0,1056,open
2026,2025,922,4095,4095,0,0,1057,open
2026,2027,924,4095,4095,0,0,1058,open
2028,2025,925,4095,4095,0,0,1059,open
2028,2028,923,4095,4095,0,0,1060,open
2024,2028,924,4095,4095,0,0,1061,open
2027,2027,924,4095,4095,0,0,1062,open
2032,2023,923,4095,4095,0,0,1063,open
2025,2022,926,4095,4095,0,0,1064,open
2026,2028,923,4095,4095,0,0,1065,open
2029,2022,923,4095,4095,0,0,1066,open
2028,2030,925,4095,4095,0,0,1067,open
2026,2025,923,4095,4095,0,0,1068,open
2029,2020,923,4095,4095,0,0,1069,open
2026,2027,926,4095,4095,0,0,1070,open
2027,2024,924,4095,4095,0,0,1071,open
2022,2023,925,4095,4095,0,0,1072,open
2027,2024,926,4095,4095,0,0,1073,open
2022,2027,924,4095,4095,0,0,1074,open
2028,2026,926,4095,4095,0,0,1075,open
2021,2027,925,4095,4095,0,0,1076,open
2028,2024,923,4095,4095,0,0,1077,open
2025,2026,926,4095,4095,0,0,1078,open
2025,2030,925,4095,4095,0,0,1079,open
2020,2025,924,4095,4095,0,0,1080,open
2024,2030,927,4095,4095,0,0,1081,open
2023,2020,924,4095,4095,0,0,1082,open
2021,2024,925,4095,4095,0,0,1083,open
2028,2026,926,4095,4095,0,0,1084,open
2025,2025,924,4095,4095,0,0,1085,open
2029,2025,927,4095,4095,0,0,1086,open
2028,2025,926,4095,4095,0,0,1087,open
2023,2021,924,4095,4095,0,0,1088,open
2025,2025,927,4095,4095,0,0,1089,open
2024,2023,926,4095,4095,0,0,1090,open
2024,2027,924,4095,4095,0,0,1091,open
2027,2027,925,4095,4095,0,0,1092,open
2023,2026,925,4095,4095,0,0,1093,open
2021,2025,924,4095,4095,0,0,1094,open
2030,2026,927,4095,4095,0,0,1095,open
2027,2029,926,4095,4095,0,0,1096,open
2031,2032,926,4095,4095,0,0,1097,open
2029,2024,927,4095,4095,0,0,1098,open
2027,2030,925,4095,4095,0,0,1099,open
2027,2026,925,4095,4095,0,0,1100,open
2029,2030,928,4095,4095,0,0,1101,open
2032,2028,925,4095,4095,0,0,1102,open
2027,2025,927,4095,4095,0,0,1103,open
2023,2028,926,4095,4095,0,0,1104,open
2027,2027,925,4095,4095,0,0,1105,open
2024,2023,927,4095,4095,0,0,1106,open
2027,2024,926,4095,4095,0,0,1107,open
2024,2022,923,4095,4095,0,0,1108,open
2031,2022,926,4095,4095,0,0,1109,open
2029,2026,925,4095,4095,0,0,1110,open
2026,2028,925,4095,4095,0,0,1111,open
2025,2026,926,4095,4095,0,0,1112,open
2028,2028,925,4095,4095,0,0,1113,open
2027,2023,925,4095,4095,0,0,1114,open
2028,2022,927,4095,4095,0,0,1115,open
2027,2024,925,4095,4095,0,0,1116,open
2027,2021,926,4095,4095,0,0,1117,open
2027,2027,927,4095,4095,0,0,1118,open
2023,2017,925,4095,4095,0,0,1119,open
2031,2025,926,4095,4095,0,0,1120,open
2031,2020,926,4095,4095,0,0,1121,open
2023,2026,923,4095,4095,0,0,1122,open
2022,2029,927,4095,4095,0,0,1123,open
2026,2025,926,4095,4095,0,0,1124,open
2027,2026,924,4095,4095,0,0,1125,open
2026,2024,927,4095,4095,0,0,1126,open
2023,2027,925,4095,4095,0,0,1127,open
2027,2028,925,4095,4095,0,0,1128,open
2025,2022,926,4095,4095,0,0,1129,open
2020,2025,925,4095,4095,0,0,1130,open
2025,2023,925,4095,4095,0,0,1131,open
2024,2022,927,4095,4095,0,0,1132,open
2026,2021,925,4095,4095,0,0,1133,open
2025,2025,926,4095,4095,0,0,1134,open
2025,2023,927,4095,4095,0,0,1135,open
2024,2026,923,4095,4095,0,0,1136,open
2023,2024,926,4095,4095,0,0,1137,open
2026,2025,925,4095,4095,0,0,1138,open
2025,2026,923,4095,4095,0,0,1139,open
2027,2022,926,4095,4095,0,0,1140,open
2024,2024,925,4095,4095,0,0,1141,open
2026,2029,924,4095,4095,0,0,1142,open
2028,2024,925,4095,4095,0,0,1143,open
2024,2027,924,4095,4095,0,0,1144,open
2025,2024,924,4095,4095,0,0,1145,open
2029,2029,925,4095,4095,0,0,1146,open
2024,2023,923,4095,4095,0,0,1147,open
2023,2029,925,4095,4095,0,0,1148,open
2027,2028,924,4095,4095,0,0,1149,open
2027,2032,923,4095,4095,0,0,1150,open
2028,2030,925,4095,4095,0,0,1151,open
2048,2054,776,4095,4095,1,0,107,25
2056,2056,775,4095,4095,1,0,108,25
2060,2060,777,4095,4095,1,0,109,25
2052,2059,776,4095,4095,1,0,110,25
2057,2056,775,4095,4095,1,0,111,25
2055,2056,776,4095,4095,1,0,112,25
2058,2052,776,4095,4095,1,0,113,25
2058,2059,776,4095,4095,1,0,114,25
2057,2056,776,4095,4095,1,0,115,25
2058,2055,775,4095,4095,1,0,116,25
2058,2060,775,4095,4095,1,0,117,25
2058,2056,777,4095,4095,1,0,118,25
2059,2057,776,4095,4095,1,0,119,25
2060,2062,777,4095,4095,1,0,120,25
2057,2057,777,4095,4095,1,0,121,25
2058,2056,776,4095,4095,1,0,122,25
2055,2056,778,4095,4095,1,0,123,25
2062,2054,777,4095,4095,1,0,124,25
2059,2062,776,4095,4095,1,0,125,25
2057,2061,778,4095,4095,1,0,126,25
2060,2057,776,4095,4095,1,0,127,25
2062,2053,776,4095,4095,1,0,128,25
2064,2064,778,4095,4095,1,0,129,25
2061,2057,777,4095,4095,1,0,130,25
2057,2058,777,4095,4095,1,0,131,25
2061,2062,778,4095,4095,1,0,132,25
2062,2062,777,4095,4095,1,0,133,25
2059,2061,777,4095,4095,1,0,134,25
2061,2063,778,4095,4095,1,0,135,25
2063,2062,776,4095,4095,1,0,136,25
2061,2060,778,4095,4095,1,0,137,25
2055,2062,779,4095,4095,1,0,138,25
2059,2063,778,4095,4095,1,0,139,25
2063,2060,778,4095,4095,1,0,140,25
2062,2059,778,4095,4095,1,0,141,25
2061,2061,777,4095,4095,1,0,142,25
2062,2057,779,4095,4095,1,0,143,25
2061,2065,778,4095,4095,1,0,144,25
2062,2063,779,4095,4095,1,0,145,25
2065,2065,780,4095,4095,1,0,146,25
2061,2062,778,4095,4095,1,0,147,25
2059,2064,778,4095,4095,1,0,148,25
2068,2061,780,4095,4095,1,0,149,25
2062,2061,778,4095,4095,1,0,150,25
2063,2065,781,4095,4095,1,0,151,25
2065,2065,779,4095,4095,1,0,152,25
2070,2058,778,4095,4095,1,0,153,25
2060,2063,780,4095,4095,1,0,154,25
2061,2064,779,4095,4095,1,0,155,25
2067,2066,780,4095,4095,1,0,156,25
2066,2064,780,4095,4095,1,0,157,25
2065,2066,780,4095,4095,1,0,158,25
2066,2061,780,4095,4095,1,0,159,25
2067,2065,781,4095,4095,1,0,160,25
2063,2073,779,4095,4095,1,0,161,25
2066,2068,780,4095,4095,1,0,162,25
2070,2065,781,4095,4095,1,0,163,25
2068,2071,779,4095,4095,1,0,164,25
2071,2063,781,4095,4095,1,0,165,25
2069,2067,781,4095,4095,1,0,166,25
2070,2067,781,4095,4095,1,0,167,25
2071,2068,782,4095,4095,1,0,168,25
2067,2066,782,4095,4095,1,0,169,25
2065,2068,780,4095,4095,1,0,170,25
2070,2071,783,4095,4095,1,0,171,25
2070,2066,782,4095,4095,1,0,172,25
2069,2070,781,4095,4095,1,0,173,25
2066,2070,783,4095,4095,1,0,174,25
2065,2072,782,4095,4095,1,0,175,25
2069,2066,782,4095,4095,1,0,176,25
2067,2075,784,4095,4095,1,0,177,25
2074,2073,782,4095,4095,1,0,178,25
2074,2072,782,4095,4095,1,0,179,25
2072,2073,784,4095,4095,1,0,180,25
2067,2070,783,4095,4095,1,0,181,25
2071,2070,783,4095,4095,1,0,182,25
2071,2071,783,4095,4095,1,0,183,25
2075,2071,783,4095,4095,1,0,184,25
2072,2070,785,4095,4095,1,0,185,25
2072,2080,784,4095,4095,1,0,186,25
2073,2071,783,4095,4095,1,0,187,25
2072,2071,785,4095,4095,1,0,188,25
2076,2077,784,4095,4095,1,0,189,25
2077,2068,784,4095,4095,1,0,190,25
2072,2078,785,4095,4095,1,0,191,25
2075,2075,785,4095,4095,1,0,192,25
2080,2075,786,4095,4095,1,0,193,25
2072,2073,785,4095,4095,1,0,194,25
2073,2075,784,4095,4095,1,0,195,25
2078,2080,786,4095,4095,1,0,196,25
2077,2076,786,4095,4095,1,0,197,25
2075,2074,786,4095,4095,1,0,198,25
2076,2080,786,4095,4095,1,0,199,25
2077,2078,786,4095,4095,1,0,200,25
2075,2073,786,4095,4095,1,0,201,25
2076,2078,787,4095,4095,1,0,202,25
2077,2078,786,4095,4095,1,0,203,25
2073,2080,786,4095,4095,1,0,204,25
2078,2083,788,4095,4095,1,0,205,25
2082,2078,787,4095,4095,1,0,206,25
2079,2080,787,4095,4095,1,0,207,25
2077,2081,788,4095,4095,1,0,208,25
2080,2084,787,4095,4095,1,0,209,25
2079,2087,787,4095,4095,1,0,210,25
2081,2084,788,4095,4095,1,0,211,25
2077,2081,787,4095,4095,1,0,212,25
2084,2084,788,4095,4095,1,0,213,25
2082,2081,789,4095,4095,1,0,214,25
2080,2085,788,4095,4095,1,0,215,25
2084,2080,790,4095,4095,1,0,216,25
2080,2087,789,4095,4095,1,0,217,25
2083,2083,788,4095,4095,1,0,218,25
2084,2093,789,4095,4095,1,0,219,25
2079,2082,789,4095,4095,1,0,220,25
2086,2084,790,4095,4095,1,0,221,25
2083,2084,790,4095,4095,1,0,222,25
2085,2089,790,4095,4095,1,0,223,25
2087,2084,790,4095,4095,1,0,224,25
2084,2088,791,4095,4095,1,0,225,25
2087,2083,789,4095,4095,1,0,226,25
2089,2085,792,4095,4095,1,0,227,25
2086,2081,791,4095,4095,1,0,228,25
2088,2086,790,4095,4095,1,0,229,25
2085,2086,791,4095,4095,1,0,230,25
2090,2089,791,4095,4095,1,0,231,25
2088,2084,791,4095,4095,1,0,232,25
2086,2088,792,4095,4095,1,0,233,25
2087,2087,792,4095,4095,1,0,234,25
2089,2088,791,4095,4095,1,0,235,25
2092,2091,793,4095,4095,1,0,236,25
2088,2094,792,4095,4095,1,0,237,25
2088,2089,792,4095,4095,1,0,238,25
2091,2094,794,4095,4095,1,0,239,25
2089,2090,792,4095,4095,1,0,240,25
2092,2088,794,4095,4095,1,0,241,25
2090,2088,794,4095,4095,1,0,242,25
2090,2089,793,4095,4095,1,0,243,25
2089,2087,793,4095,4095,1,0,244,25
2090,2094,794,4095,4095,1,0,245,25
2095,2095,793,4095,4095,1,0,246,25
2095,2090,795,4095,4095,1,0,247,25
2097,2091,794,4095,4095,1,0,248,25
2094,2094,794,4095,4095,1,0,249,25
2092,2095,795,4095,4095,1,0,250,25
2094,2091,795,4095,4095,1,0,251,25
2098,2088,795,4095,4095,1,0,252,25
2100,2092,796,4095,4095,1,0,253,25
2099,2097,795,4095,4095,1,0,254,25
2093,2096,796,4095,4095,1,0,255,25
2097,2096,797,4095,4095,1,0,256,25
2100,2095,795,4095,4095,1,0,257,25
2097,2097,798,4095,4095,1,0,258,25
2094,2101,796,4095,4095,1,0,259,25
2097,2102,796,4095,4095,1,0,260,25
2102,2099,798,4095,4095,1,0,261,25
2100,2100,797,4095,4095,1,0,262,25
2099,2101,797,4095,4095,1,0,263,25
2097,2101,798,4095,4095,1,0,264,25
2095,2097,798,4095,4095,1,0,265,25
2098,2101,797,4095,4095,1,0,266,25
2101,2099,799,4095,4095,1,0,267,25
2098,2098,798,4095,4095,1,0,268,25
2100,2102,798,4095,4095,1,0,269,25
2102,2101,799,4095,4095,1,0,270,25
2104,2104,798,4095,4095,1,0,271,25
2097,2096,799,4095,4095,1,0,272,25
2103,2097,800,4095,4095,1,0,273,25
2103,2107,799,4095,4095,1,0,274,25
2106,2102,800,4095,4095,1,0,275,25
2104,2099,800,4095,4095,1,0,276,25
2102,2107,799,4095,4095,1,0,277,25
2104,2109,801,4095,4095,1,0,278,25
2104,2101,801,4095,4095,1,0,279,25
2103,2102,800,4095,4095,1,0,280,25
2101,2099,802,4095,4095,1,0,281,25
2103,2105,800,4095,4095,1,0,282,25
2102,2103,801,4095,4095,1,0,283,25
2107,2109,802,4095,4095,1,0,284,25
2116,2110,801,4095,4095,1,0,285,25
2107,2108,803,4095,4095,1,0,286,25
2110,2109,803,4095,4095,1,0,287,25
2103,2107,802,4095,4095,1,0,288,25
2107,2110,804,4095,4095,1,0,289,25
2104,2110,803,4095,4095,1,0,290,25
2107,2109,802,4095,4095,1,0,291,25
2107,2105,804,4095,4095,1,0,292,25
2117,2108,802,4095,4095,1,0,293,25
2105,2109,803,4095,4095,1,0,294,25
2107,2106,805,4095,4095,1,0,295,25
2109,2113,803,4095,4095,1,0,296,25
2111,2108,803,4095,4095,1,0,297,25
2115,2112,805,4095,4095,1,0,298,25
2115,2110,803,4095,4095,1,0,299,25
2109,2110,805,4095,4095,1,0,300,25
2114,2117,806,4095,4095,1,0,301,25
2117,2115,804,4095,4095,1,0,302,25
2109,2114,806,4095,4095,1,0,303,25
2109,2112,806,4095,4095,1,0,304,25
2113,2117,805,4095,4095,1,0,305,25
2114,2117,807,4095,4095,1,0,306,25
2116,2116,807,4095,4095,1,0,307,25
2119,2110,806,4095,4095,1,0,308,25
2114,2113,806,4095,4095,1,0,309,25
2115,2115,806,4095,4095,1,0,310,25
2115,2114,807,4095,4095,1,0,311,25
2114,2118,808,4095,4095,1,0,312,25
2121,2122,807,4095,4095,1,0,313,25
2119,2120,807,4095,4095,1,0,314,25
2115,2117,808,4095,4095,1,0,315,25
2112,2118,808,4095,4095,1,0,316,25
2113,2120,808,4095,4095,1,0,317,25
2116,2119,809,4095,4095,1,0,318,25
2117,2112,808,4095,4095,1,0,319,25
2117,2115,810,4095,4095,1,0,320,25
2116,2116,810,4095,4095,1,0,321,25
2120,2122,808,4095,4095,1,0,322,25
2115,2123,811,4095,4095,1,0,323,25
2116,2117,809,4095,4095,1,0,324,25
2121,2124,809,4095,4095,1,0,325,25
2120,2122,811,4095,4095,1,0,326,25
2119,2123,810,4095,4095,1,0,327,25
2119,2122,810,4095,4095,1,0,328,25
2127,2117,812,4095,4095,1,0,329,25
2117,2121,810,4095,4095,1,0,330,25
2122,2127,811,4095,4095,1,0,331,25
2119,2123,812,4095,4095,1,0,332,25
2121,2126,810,4095,4095,1,0,333,25
2128,2125,812,4095,4095,1,0,334,25
2128,2128,813,4095,4095,1,0,335,25
2123,2126,811,4095,4095,1,0,336,25
2125,2122,814,4095,4095,1,0,337,25
2130,2128,813,4095,4095,1,0,338,25
2133,2124,812,4095,4095,1,0,339,25
2126,2130,815,4095,4095,1,0,340,25
2127,2130,813,4095,4095,1,0,341,25
2126,2124,814,4095,4095,1,0,342,25
2121,2128,815,4095,4095,1,0,343,25
2131,2130,813,4095,4095,1,0,344,25
2129,2127,813,4095,4095,1,0,345,25
2127,2133,815,4095,4095,1,0,346,25
2130,2130,814,4095,4095,1,0,347,25
2126,2128,815,4095,4095,1,0,348,25
2128,2132,816,4095,4095,1,0,349,25
2133,2130,815,4095,4095,1,0,350,25
2130,2125,817,4095,4095,1,0,351,25
2130,2136,815,4095,4095,1,0,352,25
2131,2132,814,4095,4095,1,0,353,25
2132,2135,817,4095,4095,1,0,354,25
2135,2131,816,4095,4095,1,0,355,25
2135,2132,817,4095,4095,1,0,356,25
2132,2134,818,4095,4095,1,0,357,25
2133,2139,816,4095,4095,1,0,358,25
2135,2138,818,4095,4095,1,0,359,25
2133,2137,818,4095,4095,1,0,360,25
2138,2130,817,4095,4095,1,0,361,25
2134,2135,819,4095,4095,1,0,362,25
2137,2133,818,4095,4095,1,0,363,25
2133,2134,818,4095,4095,1,0,364,25
2137,2130,819,4095,4095,1,0,365,25
2133,2140,819,4095,4095,1,0,366,25
2139,2130,818,4095,4095,1,0,367,25
2135,2138,820,4095,4095,1,0,368,25
2133,2137,819,4095,4095,1,0,369,25
2136,2134,818,4095,4095,1,0,370,25
2142,2137,820,4095,4095,1,0,371,25
2131,2136,819,4095,4095,1,0,372,25
2138,2138,820,4095,4095,1,0,373,25
2135,2138,821,4095,4095,1,0,374,25
2135,2139,820,4095,4095,1,0,375,25
2140,2137,822,4095,4095,1,0,376,25
2144,2143,822,4095,4095,1,0,377,25
2137,2145,820,4095,4095,1,0,378,25
2142,2139,822,4095,4095,1,0,379,25
2142,2141,823,4095,4095,1,0,380,25
2142,2137,821,4095,4095,1,0,381,25
2145,2144,824,4095,4095,1,0,382,25
2145,2139,823,4095,4095,1,0,383,25
2146,2148,822,4095,4095,1,0,384,25
2141,2141,824,4095,4095,1,0,385,25
2145,2147,822,4095,4095,1,0,386,25
2145,2139,823,4095,4095,1,0,387,25
2139,2145,825,4095,4095,1,0,388,25
2147,2148,823,4095,4095,1,0,389,25
2145,2144,824,4095,4095,1,0,390,25
2147,2147,825,4095,4095,1,0,391,25
2147,2146,824,4095,4095,1,0,392,25
2145,2148,825,4095,4095,1,0,393,25
2146,2141,826,4095,4095,1,0,394,25
2149,2147,824,4095,4095,1,0,395,25
2144,2144,826,4095,4095,1,0,396,25
2151,2155,826,4095,4095,1,0,397,25
2152,2150,825,4095,4095,1,0,398,25
2147,2146,828,4095,4095,1,0,399,25
2155,2151,826,4095,4095,1,0,400,25
2147,2147,826,4095,4095,1,0,401,25
2149,2150,828,4095,4095,1,0,402,25
2153,2151,826,4095,4095,1,0,403,25
2154,2150,827,4095,4095,1,0,404,25
2150,2152,828,4095,4095,1,0,405,25
2152,2152,828,4095,4095,1,0,406,25
2150,2150,829,4095,4095,1,0,407,25
2148,2150,829,4095,4095,1,0,408,25
2151,2154,828,4095,4095,1,0,409,25
2147,2146,830,4095,4095,1,0,410,25
2153,2155,829,4095,4095,1,0,411,25
2155,2151,828,4095,4095,1,0,412,25
2153,2154,830,4095,4095,1,0,413,25
2157,2154,830,4095,4095,1,0,414,25
2150,2155,830,4095,4095,1,0,415,25
2157,2152,831,4095,4095,1,0,416,25
2155,2158,830,4095,4095,1,0,417,25
2152,2153,830,4095,4095,1,0,418,25
2156,2152,831,4095,4095,1,0,419,25
2158,2153,830,4095,4095,1,0,420,25
2159,2157,832,4095,4095,1,0,421,25
2159,2158,831,4095,4095,1,0,422,25
2159,2158,830,4095,4095,1,0,423,25
2156,2162,833,4095,4095,1,0,424,25
2156,2155,832,4095,4095,1,0,425,25
2154,2159,832,4095,4095,1,0,426,25
2161,2155,833,4095,4095,1,0,427,25
2161,2161,833,4095,4095,1,0,428,25
2159,2157,833,4095,4095,1,0,429,25
2159,2159,833,4095,4095,1,0,430,25
2158,2155,833,4095,4095,1,0,431,25
2163,2162,833,4095,4095,1,0,432,25
2159,2160,834,4095,4095,1,0,433,25
2162,2167,833,4095,4095,1,0,434,25
2161,2158,835,4095,4095,1,0,435,25
2160,2161,835,4095,4095,1,0,436,25
2161,2163,833,4095,4095,1,0,437,25
2163,2161,836,4095,4095,1,0,438,25
2160,2164,836,4095,4095,1,0,439,25
2160,2162,834,4095,4095,1,0,440,25
2167,2163,837,4095,4095,1,0,441,25
2163,2166,835,4095,4095,1,0,442,25
2167,2167,835,4095,4095,1,0,443,25
2171,2162,837,4095,4095,1,0,444,25
2167,2169,836,4095,4095,1,0,445,25
2165,2170,836,4095,4095,1,0,446,25
2165,2157,838,4095,4095,1,0,447,25
2167,2168,836,4095,4095,1,0,448,25
2167,2162,837,4095,4095,1,0,449,25
2168,2163,839,4095,4095,1,0,450,25
2168,2168,837,4095,4095,1,0,451,25
2165,2171,838,4095,4095,1,0,452,25
2173,2166,839,4095,4095,1,0,453,25
2170,2165,838,4095,4095,1,0,454,25
2169,2165,839,4095,4095,1,0,455,25
2170,2166,840,4095,4095,1,0,456,25
2169,2167,838,4095,4095,1,0,457,25
2168,2173,840,4095,4095,1,0,458,25
2169,2171,839,4095,4095,1,0,459,25
2173,2173,838,4095,4095,1,0,460,25
2168,2173,840,4095,4095,1,0,461,25
2176,2167,840,4095,4095,1,0,462,25
2176,2173,840,4095,4095,1,0,463,25
2167,2172,842,4095,4095,1,0,464,25
2169,2165,840,4095,4095,1,0,465,25
2177,2173,841,4095,4095,1,0,466,25
2171,2174,841,4095,4095,1,0,467,25
2176,2174,841,4095,4095,1,0,468,25
2173,2173,842,4095,4095,1,0,469,25
2178,2170,843,4095,4095,1,0,470,25
2177,2171,841,4095,4095,1,0,471,25
2169,2173,844,4095,4095,1,0,472,25
2174,2177,843,4095,4095,1,0,473,25
2175,2172,843,4095,4095,1,0,474,25
2176,2176,844,4095,4095,1,0,475,25
2172,2172,843,4095,4095,1,0,476,25
2177,2174,843,4095,4095,1,0,477,25
2180,2176,845,4095,4095,1,0,478,25
2177,2177,843,4095,4095,1,0,479,25
2177,2181,843,4095,4095,1,0,480,25
2176,2178,845,4095,4095,1,0,481,25
2172,2177,843,4095,4095,1,0,482,25
2183,2176,845,4095,4095,1,0,483,25
2178,2177,846,4095,4095,1,0,484,25
2180,2178,845,4095,4095,1,0,485,25
2178,2182,847,4095,4095,1,0,486,25
2180,2182,846,4095,4095,1,0,487,25
2176,2179,845,4095,4095,1,0,488,25
2177,2184,847,4095,4095,1,0,489,25
2182,2177,846,4095,4095,1,0,490,25
2183,2182,846,4095,4095,1,0,491,25
2181,2184,848,4095,4095,1,0,492,25
2182,2181,847,4095,4095,1,0,493,25
2180,2181,847,4095,4095,1,0,494,25
2182,2185,848,4095,4095,1,0,495,25
2183,2184,846,4095,4095,1,0,496,25
2179,2186,848,4095,4095,1,0,497,25
2186,2184,849,4095,4095,1,0,498,25
2181,2185,847,4095,4095,1,0,499,25
2183,2184,849,4095,4095,1,0,500,25
2191,2181,849,4095,4095,1,0,501,25
2187,2185,848,4095,4095,1,0,502,25
2186,2187,850,4095,4095,1,0,503,25
2182,2186,850,4095,4095,1,0,504,25
2185,2181,848,4095,4095,1,0,505,25
2185,2183,851,4095,4095,1,0,506,25
2187,2189,850,4095,4095,1,0,507,25
2187,2187,850,4095,4095,1,0,508,25
2187,2189,851,4095,4095,1,0,509,25
2187,2186,850,4095,4095,1,0,510,25
2185,2186,851,4095,4095,1,0,511,25
2182,2185,852,4095,4095,1,0,512,25
2184,2187,851,4095,4095,1,0,513,25
2187,2189,853,4095,4095,1,0,514,25
2192,2186,852,4095,4095,1,0,515,25
2192,2188,852,4095,4095,1,0,516,25
2191,2194,853,4095,4095,1,0,517,25
2184,2188,852,4095,4095,1,0,518,25
2191,2191,852,4095,4095,1,0,519,25
2191,2193,854,4095,4095,1,0,520,25
2191,2184,853,4095,4095,1,0,521,25
2189,2188,853,4095,4095,1,0,522,25
2191,2192,855,4095,4095,1,0,523,25
2192,2194,853,4095,4095,1,0,524,25
2191,2195,854,4095,4095,1,0,525,25
2193,2193,855,4095,4095,1,0,526,25
2190,2191,854,4095,4095,1,0,527,25
2194,2190,856,4095,4095,1,0,528,25
2196,2190,855,4095,4095,1,0,529,25
2200,2193,854,4095,4095,1,0,530,25
2189,2191,856,4095,4095,1,0,531,25
2192,2193,856,4095,4095,1,0,532,25
2193,2197,856,4095,4095,1,0,533,25
2193,2193,857,4095,4095,1,0,534,25
2194,2198,856,4095,4095,1,0,535,25
2197,2197,855,4095,4095,1,0,536,25
2194,2194,858,4095,4095,1,0,537,25
2201,2196,856,4095,4095,1,0,538,25
2197,2193,857,4095,4095,1,0,539,25
2194,2195,859,4095,4095,1,0,540,25
2197,2199,856,4095,4095,1,0,541,25
2199,2194,858,4095,4095,1,0,542,25
2201,2195,858,4095,4095,1,0,543,25
2197,2200,858,4095,4095,1,0,544,25
2195,2193,859,4095,4095,1,0,545,25
2202,2198,858,4095,4095,1,0,546,25
2199,2195,859,4095,4095,1,0,547,25
2201,2200,860,4095,4095,1,0,548,25
2200,2197,860,4095,4095,1,0,549,25
2199,2199,858,4095,4095,1,0,550,25
2200,2204,862,4095,4095,1,0,551,25
2200,2195,859,4095,4095,1,0,552,25
2201,2198,860,4095,4095,1,0,553,25
2197,2201,861,4095,4095,1,0,554,25
2203,2199,860,4095,4095,1,0,555,25
2201,2200,860,4095,4095,1,0,556,25
2201,2202,862,4095,4095,1,0,557,25
2206,2198,860,4095,4095,1,0,558,25
2201,2202,861,4095,4095,1,0,559,25
2203,2205,862,4095,4095,1,0,560,25
2204,2202,861,4095,4095,1,0,561,25
2200,2201,863,4095,4095,1,0,562,25
2203,2205,862,4095,4095,1,0,563,25
2203,2201,862,4095,4095,1,0,564,25
2206,2206,864,4095,4095,1,0,565,25
2202,2204,863,4095,4095,1,0,566,25
2202,2207,863,4095,4095,1,0,567,25
2208,2203,864,4095,4095,1,0,568,25
2207,2205,863,4095,4095,1,0,569,25
2206,2207,863,4095,4095,1,0,570,25
2202,2202,865,4095,4095,1,0,571,25
2206,2206,863,4095,4095,1,0,572,25
2211,2208,864,4095,4095,1,0,573,25
2207,2212,865,4095,4095,1,0,574,25
2211,2208,864,4095,4095,1,0,575,25
2212,2204,866,4095,4095,1,0,576,25
2206,2214,865,4095,4095,1,0,577,25
2207,2212,864,4095,4095,1,0,578,25
2212,2209,867,4095,4095,1,0,579,25
2204,2211,866,4095,4095,1,0,580,25
2208,2211,866,4095,4095,1,0,581,25
2207,2206,867,4095,4095,1,0,582,25
2217,2211,865,4095,4095,1,0,583,25
2206,2208,867,4095,4095,1,0,584,25
2209,2213,868,4095,4095,1,0,585,25
2212,2213,866,4095,4095,1,0,586,25
2216,2212,868,4095,4095,1,0,587,25
2210,2210,868,4095,4095,1,0,588,25
2215,2213,867,4095,4095,1,0,589,25
2215,2213,870,4095,4095,1,0,590,25
2210,2211,869,4095,4095,1,0,591,25
2213,2218,867,4095,4095,1,0,592,25
2210,2211,869,4095,4095,1,0,593,25
2215,2212,869,4095,4095,1,0,594,25
2217,2211,868,4095,4095,1,0,595,25
2213,2216,870,4095,4095,1,0,596,25
2215,2217,869,4095,4095,1,0,597,25
2209,2214,869,4095,4095,1,0,598,25
2210,2216,871,4095,4095,1,0,599,25
2214,2215,869,4095,4095,1,0,600,25
2213,2215,871,4095,4095,1,0,601,25
2212,2216,872,4095,4095,1,0,602,25
2216,2217,870,4095,4095,1,0,603,25
2216,2220,871,4095,4095,1,0,604,25
2217,2219,872,4095,4095,1,0,605,25
2216,2221,870,4095,4095,1,0,606,25
2220,2214,872,4095,4095,1,0,607,25
2220,2213,872,4095,4095,1,0,608,25
2218,2219,871,4095,4095,1,0,609,25
2220,2218,873,4095,4095,1,0,610,25
2222,2215,873,4095,4095,1,0,611,25
2212,2222,871,4095,4095,1,0,612,25
2220,2218,873,4095,4095,1,0,613,25
2219,2221,872,4095,4095,1,0,614,25
2219,2220,873,4095,4095,1,0,615,25
2221,2220,874,4095,4095,1,0,616,25
2223,2219,873,4095,4095,1,0,617,25
2217,2216,875,4095,4095,1,0,618,25
2221,2219,875,4095,4095,1,0,619,25
2227,2224,873,4095,4095,1,0,620,25
2221,2215,875,4095,4095,1,0,621,25
2225,2220,874,4095,4095,1,0,622,25
2219,2221,874,4095,4095,1,0,623,25
2224,2223,876,4095,4095,1,0,624,25
2223,2220,874,4095,4095,1,0,625,25
2222,2222,874,4095,4095,1,0,626,25
2218,2223,876,4095,4095,1,0,627,25
2226,2224,875,4095,4095,1,0,628,25
2223,2217,875,4095,4095,1,0,629,25
2217,2221,877,4095,4095,1,0,630,25
2230,2224,875,4095,4095,1,0,631,25
2221,2225,876,4095,4095,1,0,632,25
2227,2225,878,4095,4095,1,0,633,25
2231,2224,876,4095,4095,1,0,634,25
2223,2222,877,4095,4095,1,0,635,25
2226,2225,878,4095,4095,1,0,636,25
2222,2227,877,4095,4095,1,0,637,25
2224,2225,879,4095,4095,1,0,638,25
2226,2225,877,4095,4095,1,0,639,25
2226,2228,878,4095,4095,1,0,640,25
2226,2221,879,4095,4095,1,0,641,25
2225,2227,878,4095,4095,1,0,642,25
2222,2228,878,4095,4095,1,0,643,25
2222,2223,880,4095,4095,1,0,644,25
2225,2226,877,4095,4095,1,0,645,25
2226,2228,880,4095,4095,1,0,646,25
2228,2228,880,4095,4095,1,0,647,25
2233,2231,878,4095,4095,1,0,648,25
2232,2231,880,4095,4095,1,0,649,25
2231,2226,880,4095,4095,1,0,650,25
2227,2232,878,4095,4095,1,0,651,25
2233,2228,880,4095,4095,1,0,652,25
2233,2230,880,4095,4095,1,0,653,25
2231,2230,879,4095,4095,1,0,654,25
2228,2227,880,4095,4095,1,0,655,25
2230,2228,880,4095,4095,1,0,656,25
2234,2231,881,4095,4095,1,0,657,25
2231,2227,882,4095,4095,1,0,658,25
2229,2231,881,4095,4095,1,0,659,25
2233,2231,881,4095,4095,1,0,660,25
2232,2234,883,4095,4095,1,0,661,25
2233,2232,881,4095,4095,1,0,662,25
2230,2238,881,4095,4095,1,0,663,25
2234,2232,883,4095,4095,1,0,664,25
2232,2235,881,4095,4095,1,0,665,25
2234,2231,883,4095,4095,1,0,666,25
2238,2235,883,4095,4095,1,0,667,25
2233,2235,882,4095,4095,1,0,668,25
2232,2228,884,4095,4095,1,0,669,25
2234,2229,884,4095,4095,1,0,670,25
2232,2233,882,4095,4095,1,0,671,25
2233,2235,885,4095,4095,1,0,672,25
2234,2233,883,4095,4095,1,0,673,25
2237,2234,883,4095,4095,1,0,674,25
2231,2233,885,4095,4095,1,0,675,25
2235,2236,883,4095,4095,1,0,676,25
2241,2231,884,4095,4095,1,0,677,25
2235,2231,885,4095,4095,1,0,678,25
2233,2233,884,4095,4095,1,0,679,25
2239,2232,886,4095,4095,1,0,680,25
2235,2234,886,4095,4095,1,0,681,25
2235,2236,884,4095,4095,1,0,682,25
2233,2236,886,4095,4095,1,0,683,25
2235,2236,886,4095,4095,1,0,684,25
2244,2237,884,4095,4095,1,0,685,25
2234,2238,886,4095,4095,1,0,686,25
2237,2235,886,4095,4095,1,0,687,25
2239,2246,886,4095,4095,1,0,688,25
2237,2235,887,4095,4095,1,0,689,25
2237,2237,886,4095,4095,1,0,690,25
2235,2235,886,4095,4095,1,0,691,25
2239,2237,888,4095,4095,1,0,692,25
2240,2241,886,4095,4095,1,0,693,25
2237,2236,887,4095,4095,1,0,694,25
2241,2239,889,4095,4095,1,0,695,25
2242,2241,887,4095,4095,1,0,696,25
2243,2240,888,4095,4095,1,0,697,25
2242,2242,888,4095,4095,1,0,698,25
2239,2240,887,4095,4095,1,0,699,25
2243,2241,890,4095,4095,1,0,700,25
2239,2240,889,4095,4095,1,0,701,25
2240,2242,887,4095,4095,1,0,702,25
2243,2240,890,4095,4095,1,0,703,25
2240,2242,889,4095,4095,1,0,704,25
2241,2242,889,4095,4095,1,0,705,25
2240,2243,891,4095,4095,1,0,706,25
2244,2239,889,4095,4095,1,0,707,25
2243,2237,889,4095,4095,1,0,708,25
2244,2243,891,4095,4095,1,0,709,25
2242,2248,889,4095,4095,1,0,710,25
2247,2246,890,4095,4095,1,0,711,25
2241,2245,890,4095,4095,1,0,712,25
2241,2244,890,4095,4095,1,0,713,25
2243,2242,892,4095,4095,1,0,714,25
2246,2244,890,4095,4095,1,0,715,25
2243,2240,890,4095,4095,1,0,716,25
2249,2246,893,4095,4095,1,0,717,25
2243,2241,892,4095,4095,1,0,718,25
2247,2245,891,4095,4095,1,0,719,25
2247,2247,894,4095,4095,1,0,720,25
2244,2242,892,4095,4095,1,0,721,25
2244,2248,892,4095,4095,1,0,722,25
2246,2250,894,4095,4095,1,0,723,25
2248,2242,892,4095,4095,1,0,724,25
2253,2252,896,4095,4095,1,0,725,25
2249,2252,897,4095,4095,1,0,726,25
2242,2252,898,4095,4095,1,0,727,25
2252,2253,897,4095,4095,1,0,728,25
2254,2254,897,4095,4095,1,0,729,25
2254,2252,899,4095,4095,1,0,730,25
2254,2254,897,4095,4095,1,0,731,25
2254,2259,898,4095,4095,1,0,732,25
2250,2253,899,4095,4095,1,0,733,25
2254,2252,897,4095,4095,1,0,734,25
2251,2251,899,4095,4095,1,0,735,25
2253,2258,899,4095,4095,1,0,736,25
2252,2253,897,4095,4095,1,0,737,25
2254,2252,900,4095,4095,1,0,738,25
2258,2253,900,4095,4095,1,0,739,25
2254,2253,898,4095,4095,1,0,740,25
2259,2250,902,4095,4095,1,0,741,25
2252,2258,899,4095,4095,1,0,742,25
2253,2251,899,4095,4095,1,0,743,25
2253,2252,901,4095,4095,1,0,744,25
2252,2252,900,4095,4095,1,0,745,25
2256,2254,901,4095,4095,1,0,746,25
2251,2251,901,4095,4095,1,0,747,25
2255,2255,900,4095,4095,1,0,748,25
2253,2255,902,4095,4095,1,0,749,25
2260,2252,903,4095,4095,1,0,750,25
2256,2254,900,4095,4095,1,0,751,25
2257,2258,902,4095,4095,1,0,752,25
2254,2253,902,4095,4095,1,0,753,25
2253,2256,901,4095,4095,1,0,754,25
2254,2258,903,4095,4095,1,0,755,25
2253,2254,902,4095,4095,1,0,756,25
2250,2254,902,4095,4095,1,0,757,25
2257,2254,904,4095,4095,1,0,758,25
2256,2257,902,4095,4095,1,0,759,25
2257,2259,903,4095,4095,1,0,760,25
2259,2255,905,4095,4095,1,0,761,25
2257,2255,902,4095,4095,1,0,762,25
2255,2253,904,4095,4095,1,0,763,25
2253,2255,904,4095,4095,1,0,764,25
2257,2254,903,4095,4095,1,0,765,25
2254,2257,905,4095,4095,1,0,766,25
2255,2260,905,4095,4095,1,0,767,25
2260,2254,903,4095,4095,1,0,768,25
2257,2260,905,4095,4095,1,0,769,25
2260,2258,904,4095,4095,1,0,770,25
2256,2258,903,4095,4095,1,0,771,25
2255,2260,906,4095,4095,1,0,772,25
2258,2258,905,4095,4095,1,0,773,25
2260,2261,905,4095,4095,1,0,774,25
2257,2260,907,4095,4095,1,0,775,25
2256,2260,905,4095,4095,1,0,776,25
2259,2262,905,4095,4095,1,0,777,25
2258,2255,906,4095,4095,1,0,778,25
2261,2257,905,4095,4095,1,0,779,25
2262,2258,907,4095,4095,1,0,780,25
2254,2260,907,4095,4095,1,0,781,25
2259,2261,905,4095,4095,1,0,782,25
2257,2264,908,4095,4095,1,0,783,25
2263,2261,907,4095,4095,1,0,784,25
2259,2260,906,4095,4095,1,0,785,25
2260,2257,909,4095,4095,1,0,786,25
2262,2259,907,4095,4095,1,0,787,25
2266,2261,907,4095,4095,1,0,788,25
2259,2264,908,4095,4095,1,0,789,25
2266,2264,907,4095,4095,1,0,790,25
2263,2258,907,4095,4095,1,0,791,25
2261,2258,910,4095,4095,1,0,792,25
2263,2265,907,4095,4095,1,0,793,25
2258,2266,909,4095,4095,1,0,794,25
2265,2265,910,4095,4095,1,0,795,25
2264,2264,908,4095,4095,1,0,796,25
2264,2262,910,4095,4095,1,0,797,25
2266,2268,909,4095,4095,1,0,798,25
2262,2265,908,4095,4095,1,0,799,25
2266,2266,910,4095,4095,1,0,800,25
2261,2263,909,4095,4095,1,0,801,25
2261,2263,909,4095,4095,1,0,802,25
2259,2265,911,4095,4095,1,0,803,25
2260,2264,910,4095,4095,1,0,804,25
2262,2262,909,4095,4095,1,0,805,25
2259,2260,912,4095,4095,1,0,806,25
2266,2263,909,4095,4095,1,0,807,25
2265,2268,911,4095,4095,1,0,808,25
2265,2267,912,4095,4095,1,0,809,25
2265,2262,909,4095,4095,1,0,810,25
2261,2267,911,4095,4095,1,0,811,25
2267,2267,911,4095,4095,1,0,812,25
2269,2267,910,4095,4095,1,0,813,25
2265,2268,913,4095,4095,1,0,814,25
2267,2265,911,4095,4095,1,0,815,25
2265,2265,910,4095,4095,1,0,816,25
2267,2265,912,4095,4095,1,0,817,25
2266,2266,911,4095,4095,1,0,818,25
2267,2266,911,4095,4095,1,0,819,25
2265,2268,913,4095,4095,1,0,820,25
2269,2266,911,4095,4095,1,0,821,25
2266,2268,912,4095,4095,1,0,822,25
2265,2263,914,4095,4095,1,0,823,25
2264,2266,911,4095,4095,1,0,824,25
2268,2263,912,4095,4095,1,0,825,25
2267,2268,913,4095,4095,1,0,826,25
2262,2264,911,4095,4095,1,0,827,25
2265,2260,914,4095,4095,1,0,828,25
2262,2271,913,4095,4095,1,0,829,25
2268,2268,911,4095,4095,1,0,830,25
2270,2267,913,4095,4095,1,0,831,25
2268,2268,913,4095,4095,1,0,832,25
2269,2268,913,4095,4095,1,0,833,25
2270,2265,914,4095,4095,1,0,834,25
2264,2268,913,4095,4095,1,0,835,25
2269,2263,913,4095,4095,1,0,836,25
2264,2266,914,4095,4095,1,0,837,25
2272,2263,913,4095,4095,1,0,838,25
2269,2268,914,4095,4095,1,0,839,25
2269,2266,915,4095,4095,1,0,840,25
2265,2267,913,4095,4095,1,0,841,25
2269,2267,914,4095,4095,1,0,842,25
2264,2271,915,4095,4095,1,0,843,25
2268,2264,913,4095,4095,1,0,844,25
2264,2266,915,4095,4095,1,0,845,25
2270,2269,914,4095,4095,1,0,846,25
2272,2266,913,4095,4095,1,0,847,25
2264,2272,915,4095,4095,1,0,848,25
2267,2267,913,4095,4095,1,0,849,25
2270,2265,915,4095,4095,1,0,850,25
2268,2270,915,4095,4095,1,0,851,25
2269,2268,914,4095,4095,1,0,852,25
2271,2267,914,4095,4095,1,0,853,25
2269,2271,916,4095,4095,1,0,854,25
2269,2272,913,4095,4095,1,0,855,25
2271,2270,915,4095,4095,1,0,856,25
2271,2271,915,4095,4095,1,0,857,25
2269,2268,914,4095,4095,1,0,858,25
2268,2272,916,4095,4095,1,0,859,25
2268,2272,915,4095,4095,1,0,860,25
2269,2270,915,4095,4095,1,0,861,25
2269,2269,917,4095,4095,1,0,862,25
2268,2271,915,4095,4095,1,0,863,25
2264,2275,915,4095,4095,1,0,864,25
2270,2267,917,4095,4095,1,0,865,25
2269,2273,915,4095,4095,1,0,866,25
2275,2268,914,4095,4095,1,0,867,25
2271,2269,917,4095,4095,1,0,868,25
2272,2270,915,4095,4095,1,0,869,25
2275,2269,917,4095,4095,1,0,870,25
2269,2272,917,4095,4095,1,0,871,25
2272,2268,914,4095,4095,1,0,872,25
2270,2264,917,4095,4095,1,0,873,25
2270,2269,916,4095,4095,1,0,874,25
2268,2272,915,4095,4095,1,0,875,25
2272,2274,917,4095,4095,1,0,876,25
2269,2269,916,4095,4095,1,0,877,25
2272,2272,915,4095,4095,1,0,878,25
2270,2273,917,4095,4095,1,0,879,25
2271,2267,915,4095,4095,1,0,880,25
2270,2270,916,4095,4095,1,0,881,25
2273,2272,918,4095,4095,1,0,882,25
